"","month","day","year","missing_var","s.mean","s.SD","p.GT.5","p.GT.25","p.GT.1","lag"
"1",8,3,2012,"SST",0.00684976640488115,1.19537825784672e-06,0,0,0,1
"2",8,3,2012,"CHLA",0,0,0,0,0,1
"3",8,3,2012,"EKE",0.00690048183033549,1.16054071799043e-06,0,7.73036487322202e-05,0.00108225108225108,1
"4",8,3,2012,"YWIND",0,0,0,0,0,1
"5",8,3,2012,"SLA",0.00213841378184988,3.02519198618181e-07,0,0,0,1
"6",8,4,2012,"SST",0.00714942710890899,1.13443427342522e-06,0,0,0,1
"7",8,4,2012,"CHLA",0,0,0,0,0,1
"8",8,4,2012,"EKE",0.0097221694425842,1.2117531672562e-06,0,0,0.00170068027210884,1
"9",8,4,2012,"YWIND",0,0,0,0,0,1
"10",8,4,2012,"SLA",0.00551785490915366,4.0917472072149e-07,0,0,0,1
"11",8,5,2012,"SST",0.00788188016654441,8.56743995844184e-07,0,0,0,1
"12",8,5,2012,"CHLA",0,0,0,0,0,1
"13",8,5,2012,"EKE",0.00722027029797718,1.21738873286226e-06,0,0,0.0015460729746444,1
"14",8,5,2012,"YWIND",0,0,0,0,0,1
"15",8,5,2012,"SLA",0.00164620151497826,2.63337025452347e-07,0,0,0,1
"16",8,6,2012,"SST",0.0152126935737328,1.27349357036598e-06,0,0,0.00200989486703772,1
"17",8,6,2012,"CHLA",0,0,0,0,0,1
"18",8,6,2012,"EKE",0.00711888506416929,1.19206434102503e-06,0,0,0.00131416202844774,1
"19",8,6,2012,"YWIND",0,0,0,0,0,1
"20",8,6,2012,"SLA",0.00149508520283163,2.78807269470894e-07,0,0,0,1
"21",8,7,2012,"SST",0.00755092956227629,1.33681469078301e-06,0,0,0.00146876932591218,1
"22",8,7,2012,"CHLA",0,0,0,0,0,1
"23",8,7,2012,"EKE",0.00750484064617509,1.25585069671636e-06,0,0,0.00170068027210884,1
"24",8,7,2012,"YWIND",0,0,0,0,0,1
"25",8,7,2012,"SLA",0.0033764703070491,2.83688287674694e-07,0,0,0,1
"26",8,8,2012,"SST",0.00596930915301343,1.00407053633455e-06,0,0,0.000850340136054422,1
"27",8,8,2012,"CHLA",0,0,0,0,0,1
"28",8,8,2012,"EKE",0.00796021824850612,1.22008533057486e-06,0,0,0.0019325912183055,1
"29",8,8,2012,"YWIND",0,0,0,0,0,1
"30",8,8,2012,"SLA",0.00270333802516312,2.81678353354474e-07,0,0,0,1
"31",8,9,2012,"SST",0.0198103003526842,2.28536743996266e-06,0,0,0.0245052566481138,7
"32",8,9,2012,"CHLA",0,0,0,0,0,7
"33",8,9,2012,"EKE",0.0374106242385837,5.11598794499493e-06,0,0.0118274582560297,0.132034632034632,7
"34",8,9,2012,"YWIND",0,0,0,0,0,7
"35",8,9,2012,"SLA",0.0194331189652377,1.75257502976872e-06,0,0,0.00780766852195424,7
"36",8,10,2012,"SST",0.0154386021103515,1.98383309015191e-06,0,0,0.011595547309833,7
"37",8,10,2012,"CHLA",0,0,0,0,0,7
"38",8,10,2012,"EKE",0.0368987324911804,5.12279476397174e-06,0,0.0118274582560297,0.128787878787879,7
"39",8,10,2012,"YWIND",0.0346279210912433,4.91366479625805e-06,0,0.0129097093382808,0.125231910946197,7
"40",8,10,2012,"SLA",0.0200854315721227,1.76632821332207e-06,0,0,0.00865800865800866,7
"41",8,11,2012,"SST",0.0147623728567462,1.94908798328337e-06,0,0,0.00734384662956091,7
"42",8,11,2012,"CHLA",0,0,0,0,0,7
"43",8,11,2012,"EKE",0.0353999759599328,5.21240317737893e-06,0.000309214594928881,0.0127551020408163,0.121985157699443,7
"44",8,11,2012,"YWIND",0.0610989926609217,8.50348353208566e-06,0.00834879406307978,0.0398113790970934,0.245361781076067,7
"45",8,11,2012,"SLA",0.0179495293163804,1.71078055039687e-06,0,0,0.00749845392702536,7
"46",8,12,2012,"SST",0.016832887020144,2.26943933450048e-06,0,0,0.0170068027210884,7
"47",8,12,2012,"CHLA",0,0,0,0,0,7
"48",8,12,2012,"EKE",0.0352386521345048,5.28706904232001e-06,0.000463821892393321,0.0112863327149041,0.122371675943105,7
"49",8,12,2012,"YWIND",0.0679379407796689,8.28662007317653e-06,0.00247371675943105,0.0810915275200989,0.282854050711194,7
"50",8,12,2012,"SLA",0.0192164018239995,1.69194696194396e-06,0,0,0.00749845392702536,7
"51",8,13,2012,"SST",0.0229475340241079,2.78444851807001e-06,0,0,0.0450680272108844,7
"52",8,13,2012,"CHLA",0.0122337979239555,3.46137072346008e-06,0,0.00216450216450216,0.023191094619666,7
"53",8,13,2012,"EKE",0.0358220126187553,5.34805743770535e-06,0.000463821892393321,0.0124458874458874,0.124768089053803,7
"54",8,13,2012,"YWIND",0.0685352843881618,7.60485229818275e-06,0.000463821892393321,0.0825602968460111,0.286023500309215,7
"55",8,13,2012,"SLA",0.0214366395654675,1.66839398074246e-06,0,0,0.00834879406307978,7
"56",8,14,2012,"SST",0.0258380894837693,2.98066135642278e-06,0,0,0.0631570810142239,7
"57",8,14,2012,"CHLA",0.0122337979239555,3.46137072346008e-06,0,0.00216450216450216,0.023191094619666,7
"58",8,14,2012,"EKE",0.0360043473900441,5.35447404177094e-06,0.000695732838589981,0.0134508348794063,0.125231910946197,7
"59",8,14,2012,"YWIND",0.0868010412196826,1.03769670537947e-05,0.0132189239332096,0.135745207173779,0.306508967223253,7
"60",8,14,2012,"SLA",0.0183194148262586,1.6387915236168e-06,0,0,0.00688002473716759,7
"61",8,15,2012,"SST",0.0251226400166057,2.85480236258665e-06,0,0,0.0566635745207174,7
"62",8,15,2012,"CHLA",0.0122337979239555,3.46137072346008e-06,0,0.00216450216450216,0.023191094619666,7
"63",8,15,2012,"EKE",0.0366093823980719,5.31384767460913e-06,0.000309214594928881,0.0136054421768707,0.129947433518862,7
"64",8,15,2012,"YWIND",0.107027574306545,1.17351872725081e-05,0.0264378478664193,0.17269635126778,0.370284477427335,7
"65",8,15,2012,"SLA",0.0167610287831631,1.61350290047976e-06,0,0,0.00664811379097093,7
"66",8,16,2012,"SST",0.0308082132246235,3.0350879922791e-06,0,0,0.0721243042671614,14
"67",8,16,2012,"CHLA",0.0122337979239555,3.46137072346008e-06,0,0.00216450216450216,0.023191094619666,14
"68",8,16,2012,"EKE",0.0562577616134083,7.56620111362683e-06,0.00216450216450216,0.0480055658627087,0.224876314162028,14
"69",8,16,2012,"YWIND",0.153139791512636,1.61148557347154e-05,0.104746444032158,0.274969078540507,0.394712430426716,14
"70",8,16,2012,"SLA",0.0298936195869246,2.9747272514846e-06,0,0.00162337662337662,0.054421768707483,14
"71",8,17,2012,"SST",0.0208056244971967,3.04657959027374e-06,0,0.0019325912183055,0.0348639455782313,14
"72",8,17,2012,"CHLA",0.0122337979239555,3.46137072346008e-06,0,0.00216450216450216,0.023191094619666,14
"73",8,17,2012,"EKE",0.0732119715729366,9.38390733084859e-06,0.00742115027829314,0.0872758194186766,0.282081014223871,14
"74",8,17,2012,"YWIND",0.158393055437269,1.58629465630449e-05,0.108225108225108,0.290893630179344,0.388064316635745,14
"75",8,17,2012,"SLA",0.0242814956537612,2.77319598859337e-06,0,0.000850340136054422,0.0386518243661101,14
"76",8,18,2012,"SST",0.0204492210689409,3.21597172618754e-06,0,0.00262832405689549,0.0356369820655535,14
"77",8,18,2012,"CHLA",0.0122337979239555,3.46137072346008e-06,0,0.00216450216450216,0.023191094619666,14
"78",8,18,2012,"EKE",0.07365727061447,9.45007126705474e-06,0.0076530612244898,0.0889764996907854,0.2823902288188,14
"79",8,18,2012,"YWIND",0.138893373396767,1.39827218527472e-05,0.0733611626468769,0.266774891774892,0.376004947433519,14
"80",8,18,2012,"SLA",0.0208228277549335,2.68690448436355e-06,0,0.000463821892393321,0.0303030303030303,14
"81",8,19,2012,"SST",0.0223130949001342,3.42352684607866e-06,0,0.00293753865182437,0.0470779220779221,14
"82",8,19,2012,"CHLA",0.0122337979239555,3.46137072346008e-06,0,0.00216450216450216,0.023191094619666,14
"83",8,19,2012,"EKE",0.073165511669073,9.39297314747411e-06,0.00695732838589981,0.0872758194186766,0.280921459492888,14
"84",8,19,2012,"YWIND",0.132510126805255,1.308603522582e-05,0.047387136672851,0.273191094619666,0.373299319727891,14
"85",8,19,2012,"SLA",0.0196491803800282,2.61967820439591e-06,0,0.000386518243661101,0.0273654916512059,14
"86",8,20,2012,"SST",0.0300202318963927,3.89502307946125e-06,0,0.00502473716759431,0.0822510822510823,14
"87",8,20,2012,"CHLA",0.0122337979239555,3.46137072346008e-06,0,0.00216450216450216,0.023191094619666,14
"88",8,20,2012,"EKE",0.0728976409382612,9.35007618912599e-06,0.00680272108843537,0.088126159554731,0.281462585034014,14
"89",8,20,2012,"YWIND",0.109615238100829,1.29397929936649e-05,0.0364873222016079,0.200371057513915,0.333951762523191,14
"90",8,20,2012,"SLA",0.0188552740075086,2.5624792414845e-06,0,0.000463821892393321,0.0253555967841682,14
"91",8,21,2012,"SST",0.0283945958251901,3.72650358923948e-06,0,0.00363327149041435,0.0725881261595547,14
"92",8,21,2012,"CHLA",0.0328167549142767,3.77145852529301e-06,0.00015460729746444,0.00463821892393321,0.201839826839827,14
"93",8,21,2012,"EKE",0.0724955263573081,9.30620044395732e-06,0.00626159554730983,0.0878169449598021,0.279916512059369,14
"94",8,21,2012,"YWIND",0.0799306973220738,9.0143009606041e-06,0.00177798392084106,0.10691094619666,0.317254174397032,14
"95",8,21,2012,"SLA",0.0207589105174185,2.62768712760916e-06,0,0.000309214594928881,0.0283704390847248,14
"96",8,22,2012,"SST",0.0271894091028,3.42521117030561e-06,0,0.00301484230055659,0.048469387755102,14
"97",8,22,2012,"CHLA",0.0328167549142767,3.77145852529301e-06,0.00015460729746444,0.00463821892393321,0.201839826839827,14
"98",8,22,2012,"EKE",0.0720316888350881,9.25280074979164e-06,0.00641620284477427,0.0858070500927644,0.27891156462585,14
"99",8,22,2012,"YWIND",0.095164269389897,9.5343365254217e-06,0.00657081014223871,0.149969078540507,0.358457019171305,14
"100",8,22,2012,"SLA",0.0234191194085814,2.67101764472642e-06,0,0.00023191094619666,0.0326994434137291,14
"101",8,23,2012,"SST",0.0235461528497537,3.21248395252033e-06,0,0.00177798392084106,0.0488559059987631,21
"102",8,23,2012,"CHLA",0.0328167549142767,3.77145852529301e-06,0.00015460729746444,0.00463821892393321,0.201839826839827,21
"103",8,23,2012,"EKE",0.0736772964436709,9.44988132267971e-06,0.00749845392702536,0.0909863945578231,0.283704390847248,21
"104",8,23,2012,"YWIND",0.0720527519505941,7.84464579204163e-06,0.00015460729746444,0.080395794681509,0.298855905998763,21
"105",8,23,2012,"SLA",0.0386655235417155,3.70397075225552e-06,0,0.00378787878787879,0.125,21
"106",8,24,2012,"SST",0.0208056244971967,3.04657959027374e-06,0,0.0019325912183055,0.0348639455782313,21
"107",8,24,2012,"CHLA",0.0219540499057233,3.96650624111662e-06,0,0.00286023500309215,0.0814780457637601,21
"108",8,24,2012,"EKE",0.0732119715729366,9.38390733084859e-06,0.00742115027829314,0.0872758194186766,0.282081014223871,21
"109",8,24,2012,"YWIND",0.0506977299942552,6.09209097463361e-06,0.00023191094619666,0.0234230055658627,0.234461966604824,21
"110",8,24,2012,"SLA",0.0380114387266588,3.67368306285534e-06,0,0.00371057513914657,0.120516388373531,21
"111",8,25,2012,"SST",0.0204492210689409,3.21597172618754e-06,0,0.00262832405689549,0.0356369820655535,21
"112",8,25,2012,"CHLA",0.0219540499057233,3.96650624111662e-06,0,0.00286023500309215,0.0814780457637601,21
"113",8,25,2012,"EKE",0.07365727061447,9.45007126705474e-06,0.0076530612244898,0.0889764996907854,0.2823902288188,21
"114",8,25,2012,"YWIND",0.101965284077116,1.06613339597375e-05,0.0162337662337662,0.171072974644403,0.376082251082251,21
"115",8,25,2012,"SLA",0.0365845003344517,3.67883060985855e-06,0,0.00355596784168213,0.1110853432282,21
"116",8,26,2012,"SST",0.0223130949001342,3.42352684607866e-06,0,0.00293753865182437,0.0470779220779221,21
"117",8,26,2012,"CHLA",0.0219540499057233,3.96650624111662e-06,0,0.00286023500309215,0.0814780457637601,21
"118",8,26,2012,"EKE",0.073165511669073,9.39297314747411e-06,0.00695732838589981,0.0872758194186766,0.280921459492888,21
"119",8,26,2012,"YWIND",0.101965284077116,1.06613339597375e-05,0.0162337662337662,0.171072974644403,0.376082251082251,21
"120",8,26,2012,"SLA",0.0377117775846457,3.69472136193709e-06,0,0.00355596784168213,0.117888064316636,21
"121",8,27,2012,"SST",0.0300202318963927,3.89502307946125e-06,0,0.00502473716759431,0.0822510822510823,21
"122",8,27,2012,"CHLA",0.0219540499057233,3.96650624111662e-06,0,0.00286023500309215,0.0814780457637601,21
"123",8,27,2012,"EKE",0.0728976409382612,9.35007618912599e-06,0.00680272108843537,0.088126159554731,0.281462585034014,21
"124",8,27,2012,"YWIND",0.101965284077116,1.06613339597375e-05,0.0162337662337662,0.171072974644403,0.376082251082251,21
"125",8,27,2012,"SLA",0.0384816879700913,3.70167238287859e-06,0,0.00417439703153989,0.123531230674088,21
"126",8,28,2012,"SST",0.0283945958251901,3.72650358923948e-06,0,0.00363327149041435,0.0725881261595547,21
"127",8,28,2012,"CHLA",0.0219540499057233,3.96650624111662e-06,0,0.00286023500309215,0.0814780457637601,21
"128",8,28,2012,"EKE",0.0724955263573081,9.30620044395732e-06,0.00626159554730983,0.0878169449598021,0.279916512059369,21
"129",8,28,2012,"YWIND",0.101965284077116,1.06613339597375e-05,0.0162337662337662,0.171072974644403,0.376082251082251,21
"130",8,28,2012,"SLA",0.0382366644859242,3.6888395144664e-06,0,0.00448361162646877,0.121212121212121,21
"131",8,29,2012,"SST",0.0271894091028,3.42521117030561e-06,0,0.00301484230055659,0.048469387755102,21
"132",8,29,2012,"CHLA",0.0219540499057233,3.96650624111662e-06,0,0.00286023500309215,0.0814780457637601,21
"133",8,29,2012,"EKE",0.0720316888350881,9.25280074979164e-06,0.00641620284477427,0.0858070500927644,0.27891156462585,21
"134",8,29,2012,"YWIND",0.101965284077116,1.06613339597375e-05,0.0162337662337662,0.171072974644403,0.376082251082251,21
"135",8,29,2012,"SLA",0.0389395328021133,3.68005506901305e-06,0,0.00479282622139765,0.125386518243661,21
"136",8,30,2012,"SST",0.0235461528497537,3.21248395252033e-06,0,0.00177798392084106,0.0488559059987631,28
"137",8,30,2012,"CHLA",0.0219540499057233,3.96650624111662e-06,0,0.00286023500309215,0.0814780457637601,28
"138",8,30,2012,"EKE",0.0736772964436709,9.44988132267971e-06,0.00749845392702536,0.0909863945578231,0.283704390847248,28
"139",8,30,2012,"YWIND",0.101965284077116,1.06613339597375e-05,0.0162337662337662,0.171072974644403,0.376082251082251,28
"140",8,30,2012,"SLA",0.0536708214799192,4.50153516291781e-06,0,0.012291280148423,0.266311069882498,28
"141",8,31,2012,"SST",0.0208056244971967,3.04657959027374e-06,0,0.0019325912183055,0.0348639455782313,28
"142",8,31,2012,"CHLA",0.0219540499057233,3.96650624111662e-06,0,0.00286023500309215,0.0814780457637601,28
"143",8,31,2012,"EKE",0.0732119715729366,9.38390733084859e-06,0.00742115027829314,0.0872758194186766,0.282081014223871,28
"144",8,31,2012,"YWIND",0.101965284077116,1.06613339597375e-05,0.0162337662337662,0.171072974644403,0.376082251082251,28
"145",8,31,2012,"SLA",0.0549949814635506,4.55180562334235e-06,0,0.0127551020408163,0.278756957328386,28
"146",9,1,2012,"SST",0.0235461528497537,3.21248395252033e-06,0,0.00177798392084106,0.0488559059987631,30
"147",9,1,2012,"CHLA",0.0219540499057233,3.96650624111662e-06,0,0.00286023500309215,0.0814780457637601,30
"148",9,1,2012,"EKE",0.0736772964436709,9.44988132267971e-06,0.00749845392702536,0.0909863945578231,0.283704390847248,30
"149",9,1,2012,"YWIND",0.101965284077116,1.06613339597375e-05,0.0162337662337662,0.171072974644403,0.376082251082251,30
"150",9,1,2012,"SLA",0.0591999307053702,4.76460615514874e-06,7.73036487322202e-05,0.0166202844774273,0.312461348175634,30
"151",9,2,2012,"SST",0.0205300979374772,2.89690648236597e-06,0,0.00146876932591218,0.0313079777365492,30
"152",9,2,2012,"CHLA",0.0219540499057233,3.96650624111662e-06,0,0.00286023500309215,0.0814780457637601,30
"153",9,2,2012,"EKE",0.0738079508517093,9.44105660537702e-06,0.00742115027829314,0.0891311069882498,0.282776747062461,30
"154",9,2,2012,"YWIND",0.101965284077116,1.06613339597375e-05,0.0162337662337662,0.171072974644403,0.376082251082251,30
"155",9,2,2012,"SLA",0.0588201123120298,4.81683532048801e-06,0.00015460729746444,0.0169294990723562,0.309137291280148,30
"156",9,3,2012,"SST",0.0198272626462446,3.09796101394074e-06,0,0.00224180581323438,0.0306895485466914,30
"157",9,3,2012,"CHLA",0.0219540499057233,3.96650624111662e-06,0,0.00286023500309215,0.0814780457637601,30
"158",9,3,2012,"EKE",0.0746343059712446,9.54608707706543e-06,0.0076530612244898,0.0926097711811998,0.28865182436611,30
"159",9,3,2012,"YWIND",0.101965284077116,1.06613339597375e-05,0.0162337662337662,0.171072974644403,0.376082251082251,30
"160",9,3,2012,"SLA",0.0504661715017538,4.68140643095528e-06,0.00015460729746444,0.0124458874458874,0.229591836734694,30
"161",9,4,2012,"SST",0.0221311254793425,3.64146204818538e-06,0,0.00448361162646877,0.0458410636982066,30
"162",9,4,2012,"CHLA",0.0219540499057233,3.96650624111662e-06,0,0.00286023500309215,0.0814780457637601,30
"163",9,4,2012,"EKE",0.0748381749057267,9.53385843556231e-06,0.00811688311688312,0.0939239332096475,0.287414965986395,30
"164",9,4,2012,"YWIND",0.101965284077116,1.06613339597375e-05,0.0162337662337662,0.171072974644403,0.376082251082251,30
"165",9,4,2012,"SLA",0.0466584436313584,4.57342664443945e-06,0,0.0105905998763142,0.192717996289425,30
"166",9,5,2012,"SST",0.0393639398523113,4.65941537405861e-06,0,0.0131416202844774,0.123685837971552,30
"167",9,5,2012,"CHLA",0.0219540499057233,3.96650624111662e-06,0,0.00286023500309215,0.0814780457637601,30
"168",9,5,2012,"EKE",0.0753815503265846,9.60103145925694e-06,0.00850340136054422,0.0950061842918986,0.289424860853432,30
"169",9,5,2012,"YWIND",0.101965284077116,1.06613339597375e-05,0.0162337662337662,0.171072974644403,0.376082251082251,30
"170",9,5,2012,"SLA",0.0424861005792828,4.51570921282379e-06,0,0.0095856524427953,0.15599876314162,30
"171",9,6,2012,"SST",0.0477716562867145,4.52424606963109e-06,0,0.0142238713667285,0.194186765615337,30
"172",9,6,2012,"CHLA",0.0219540499057233,3.96650624111662e-06,0,0.00286023500309215,0.0814780457637601,30
"173",9,6,2012,"EKE",0.0755066587919413,9.60649567414064e-06,0.00780766852195424,0.094465058750773,0.289192949907236,30
"174",9,6,2012,"YWIND",0.101965284077116,1.06613339597375e-05,0.0162337662337662,0.171072974644403,0.376082251082251,30
"175",9,6,2012,"SLA",0.037445700914064,4.47900389957929e-06,0,0.00912183055040198,0.116496598639456,30
"176",9,7,2012,"SST",0.0338494870736657,4.12549510101393e-06,0,0.00935374149659864,0.0987940630797774,30
"177",9,7,2012,"CHLA",0.0219540499057233,3.96650624111662e-06,0,0.00286023500309215,0.0814780457637601,30
"178",9,7,2012,"EKE",0.0758466886217977,9.63903149108294e-06,0.00796227581941868,0.0970160791589363,0.290970933828077,30
"179",9,7,2012,"YWIND",0.101965284077116,1.06613339597375e-05,0.0162337662337662,0.171072974644403,0.376082251082251,30
"180",9,7,2012,"SLA",0.0331571878402112,4.45435997843806e-06,7.73036487322202e-05,0.008426097711812,0.0928416821273964,30
"181",9,8,2012,"SST",0.018096650899102,3.43959402290418e-06,0,0.00239641311069883,0.0385745207173779,30
"182",9,8,2012,"CHLA",0.0219540499057233,3.96650624111662e-06,0,0.00286023500309215,0.0814780457637601,30
"183",9,8,2012,"EKE",0.0753545020838731,9.59522720648631e-06,0.00788497217068646,0.0960884353741497,0.288265306122449,30
"184",9,8,2012,"YWIND",0.101965284077116,1.06613339597375e-05,0.0162337662337662,0.171072974644403,0.376082251082251,30
"185",9,8,2012,"SLA",0.0297657723590796,4.50419374933044e-06,7.73036487322202e-05,0.00819418676561534,0.0808596165739023,30
"186",9,9,2012,"SST",0.0186752333653968,3.15381489451749e-06,0,0.00162337662337662,0.0381880024737168,30
"187",9,9,2012,"CHLA",0.0219540499057233,3.96650624111662e-06,0,0.00286023500309215,0.0814780457637601,30
"188",9,9,2012,"EKE",0.0752759124617299,9.62620178608667e-06,0.00788497217068646,0.0971706864564007,0.284786641929499,30
"189",9,9,2012,"YWIND",0.121628614042874,1.10359783638736e-05,0.0279839208410637,0.22735003092146,0.397186147186147,30
"190",9,9,2012,"SLA",0.028601805697279,4.56998765310117e-06,7.73036487322202e-05,0.00927643784786642,0.0771490414347557,30
"191",9,10,2012,"SST",0.0169639169833046,2.7907834663867e-06,0,0.00131416202844774,0.0279839208410637,30
"192",9,10,2012,"CHLA",0.0219540499057233,3.96650624111662e-06,0,0.00286023500309215,0.0814780457637601,30
"193",9,10,2012,"EKE",0.0749282406889733,9.5919293706487e-06,0.0072665429808287,0.0971706864564007,0.284554730983302,30
"194",9,10,2012,"YWIND",0.112150273656612,1.48419881214901e-05,0.0595238095238095,0.219387755102041,0.312847866419295,30
"195",9,10,2012,"SLA",0.0280242973771097,4.62289521939486e-06,7.73036487322202e-05,0.00974025974025974,0.0742888064316636,30
"196",9,11,2012,"SST",0.0161376658247677,2.6931954626205e-06,0,0.000618429189857761,0.0248144712430427,30
"197",9,11,2012,"CHLA",0.0219540499057233,3.96650624111662e-06,0,0.00286023500309215,0.0814780457637601,30
"198",9,11,2012,"EKE",0.0741067985041669,9.51632920515556e-06,0.00811688311688312,0.0950834879406308,0.280534941249227,30
"199",9,11,2012,"YWIND",0.0465378236092607,5.47635558512926e-06,0,0.0145330859616574,0.199598021026592,30
"200",9,11,2012,"SLA",0.0276000743461846,4.69554829042336e-06,7.73036487322202e-05,0.0102813852813853,0.072665429808287,30
"201",9,12,2012,"SST",0.0263781406638757,2.9462239044199e-06,0,0.0011595547309833,0.0445269016697588,30
"202",9,12,2012,"CHLA",0.0149170007662022,3.66790194199188e-06,7.73036487322202e-05,0.00216450216450216,0.0351731601731602,30
"203",9,12,2012,"EKE",0.0744552252404371,9.55729808044922e-06,0.00796227581941868,0.0946969696969697,0.282158317872604,30
"204",9,12,2012,"YWIND",0.0332689025737446,4.57755526335983e-06,0.00015460729746444,0.00471552257266543,0.11386827458256,30
"205",9,12,2012,"SLA",0.0273345361120718,4.80065024680564e-06,0.00015460729746444,0.0106679035250464,0.0717377860235003,30
"206",9,13,2012,"SST",0.025931513191118,3.11725059247642e-06,0,0.00108225108225108,0.0523345701917131,30
"207",9,13,2012,"CHLA",0.0149170007662022,3.66790194199188e-06,7.73036487322202e-05,0.00216450216450216,0.0351731601731602,30
"208",9,13,2012,"EKE",0.0744715859777842,9.54435967369596e-06,0.0076530612244898,0.0946196660482375,0.28308596165739,30
"209",9,13,2012,"YWIND",0.0920244786227305,8.779054534768e-06,0.00332405689548547,0.177798392084106,0.344078540507112,30
"210",9,13,2012,"SLA",0.0276664962208713,4.84806015423841e-06,0.00015460729746444,0.0111317254174397,0.0734384662956092,30
"211",9,14,2012,"SST",0.0244843045051482,3.30720716903846e-06,0,0.00293753865182437,0.0480055658627087,30
"212",9,14,2012,"CHLA",0.0148142709985479,4.13565291451382e-06,0,0.00324675324675325,0.038961038961039,30
"213",9,14,2012,"EKE",0.074320527193375,9.56224755928985e-06,0.00780766852195424,0.095160791589363,0.282776747062461,30
"214",9,14,2012,"YWIND",0.0838706921536872,1.24685586175077e-05,0.0253555967841682,0.117115027829314,0.282544836116265,30
"215",9,14,2012,"SLA",0.0284351082629983,4.87826083118568e-06,0.00015460729746444,0.0115182436611008,0.0766852195423624,30
"216",9,15,2012,"SST",0.0248068499292441,3.62718959034214e-06,0,0.00463821892393321,0.058982683982684,30
"217",9,15,2012,"CHLA",0.0148142709985479,4.13565291451382e-06,0,0.00324675324675325,0.038961038961039,30
"218",9,15,2012,"EKE",0.0745382624202798,9.6499312007563e-06,0.00850340136054422,0.0973252937538652,0.283163265306122,30
"219",9,15,2012,"YWIND",0.116117584378341,1.31060127847159e-05,0.0465367965367965,0.221474953617811,0.349025974025974,30
"220",9,15,2012,"SLA",0.0301362320874129,4.82507083512152e-06,0.00015460729746444,0.0108225108225108,0.0814007421150278,30
"221",9,16,2012,"SST",0.0120161300255099,1.77396194442111e-06,0,0,0.00827149041434756,30
"222",9,16,2012,"CHLA",0.0148142709985479,4.13565291451382e-06,0,0.00324675324675325,0.038961038961039,30
"223",9,16,2012,"EKE",0.0582663852540051,7.94850298432308e-06,0.00340136054421769,0.051948051948052,0.230055658627087,30
"224",9,16,2012,"YWIND",0.147301448333994,1.70895998301307e-05,0.0940785405071119,0.24791280148423,0.380411255411255,30
"225",9,16,2012,"SLA",0.0339013852031871,4.70522661719457e-06,7.73036487322202e-05,0.00989486703772418,0.0961657390228819,30
"226",9,17,2012,"SST",0.0285977911512512,2.12986295372624e-06,0,0,0.0241960420531849,30
"227",9,17,2012,"CHLA",0.0148142709985479,4.13565291451382e-06,0,0.00324675324675325,0.038961038961039,30
"228",9,17,2012,"EKE",0.0756761195498048,9.70524347623708e-06,0.00896722325293754,0.0963203463203463,0.287492269635127,30
"229",9,17,2012,"YWIND",0.136545453836267,1.98615126816989e-05,0.112399505256648,0.202535559678417,0.321660482374768,30
"230",9,17,2012,"SLA",0.0364209148577963,4.75928270370132e-06,0.00023191094619666,0.0102040816326531,0.109771181199753,30
"231",9,18,2012,"SST",0.0285977911512512,2.12986295372624e-06,0,0,0.0241960420531849,30
"232",9,18,2012,"CHLA",0.0148142709985479,4.13565291451382e-06,0,0.00324675324675325,0.038961038961039,30
"233",9,18,2012,"EKE",0.0756761195498048,9.70524347623708e-06,0.00896722325293754,0.0963203463203463,0.287492269635127,30
"234",9,18,2012,"YWIND",0.145071341011034,1.76372518200417e-05,0.112631416202845,0.231833642547928,0.372294372294372,30
"235",9,18,2012,"SLA",0.0388344472646597,4.80318113139669e-06,0.000309214594928881,0.0116728509585652,0.128401360544218,30
"236",9,19,2012,"SST",0.0285977911512512,2.12986295372624e-06,0,0,0.0241960420531849,30
"237",9,19,2012,"CHLA",0.0148142709985479,4.13565291451382e-06,0,0.00324675324675325,0.038961038961039,30
"238",9,19,2012,"EKE",0.0756761195498048,9.70524347623708e-06,0.00896722325293754,0.0963203463203463,0.287492269635127,30
"239",9,19,2012,"YWIND",0.115516193159502,1.47742195687749e-05,0.0581323438466296,0.200061842918986,0.33704390847248,30
"240",9,19,2012,"SLA",0.0410897805634035,4.87650090149777e-06,0.000541125541125541,0.0121366728509586,0.147804576376005,30
"241",9,20,2012,"SST",0.0285977911512512,2.12986295372624e-06,0,0,0.0241960420531849,30
"242",9,20,2012,"CHLA",0.0233988247340611,3.60036804128181e-06,0,0.00324675324675325,0.0513296227581942,30
"243",9,20,2012,"EKE",0.0756761195498048,9.70524347623708e-06,0.00896722325293754,0.0963203463203463,0.287492269635127,30
"244",9,20,2012,"YWIND",0.0762064564386225,1.02085971181626e-05,0.00858070500927644,0.114795918367347,0.271335807050093,30
"245",9,20,2012,"SLA",0.0382347869487366,5.00363359825505e-06,0.000541125541125541,0.0121366728509586,0.121753246753247,30
"246",9,21,2012,"SST",0.0285977911512512,2.12986295372624e-06,0,0,0.0241960420531849,30
"247",9,21,2012,"CHLA",0.0233988247340611,3.60036804128181e-06,0,0.00324675324675325,0.0513296227581942,30
"248",9,21,2012,"EKE",0.0756761195498048,9.70524347623708e-06,0.00896722325293754,0.0963203463203463,0.287492269635127,30
"249",9,21,2012,"YWIND",0.0737307429754587,8.74206028546052e-06,7.73036487322202e-05,0.113327149041435,0.285636982065553,30
"250",9,21,2012,"SLA",0.0360528112997372,5.05633704161216e-06,0.000695732838589981,0.0129097093382808,0.107374768089054,30
"251",9,22,2012,"SST",0.0285977911512512,2.12986295372624e-06,0,0,0.0241960420531849,30
"252",9,22,2012,"CHLA",0.0395854333916021,4.05703518235258e-06,0.000309214594928881,0.00448361162646877,0.2245670995671,30
"253",9,22,2012,"EKE",0.0756761195498048,9.70524347623708e-06,0.00896722325293754,0.0963203463203463,0.287492269635127,30
"254",9,22,2012,"YWIND",0.0934073594626338,7.91454528971801e-06,0.000309214594928881,0.134353741496599,0.382575757575758,30
"255",9,22,2012,"SLA",0.0357124459003667,5.06452681935441e-06,0.000541125541125541,0.0130643166357452,0.104746444032158,30
"256",9,23,2012,"SST",0.0285977911512512,2.12986295372624e-06,0,0,0.0241960420531849,30
"257",9,23,2012,"CHLA",0.0249472810487914,3.25661069522782e-06,0.00015460729746444,0.00185528756957328,0.0597557204700062,30
"258",9,23,2012,"EKE",0.0756761195498048,9.70524347623708e-06,0.00896722325293754,0.0963203463203463,0.287492269635127,30
"259",9,23,2012,"YWIND",0.0730213331582214,9.18913984405829e-06,0,0.10760667903525,0.270485466914038,30
"260",9,23,2012,"SLA",0.0399592397466661,5.05625300327345e-06,0.000773036487322202,0.0129097093382808,0.138528138528139,30
"261",9,24,2012,"SST",0.0285977911512512,2.12986295372624e-06,0,0,0.0241960420531849,30
"262",9,24,2012,"CHLA",0.0300799770693412,4.11648879782148e-06,0,0.00471552257266543,0.0900587507730365,30
"263",9,24,2012,"EKE",0.0756761195498048,9.70524347623708e-06,0.00896722325293754,0.0963203463203463,0.287492269635127,30
"264",9,24,2012,"YWIND",0.101252787503026,1.27515402789345e-05,0.0202535559678417,0.182513914656772,0.326298701298701,30
"265",9,24,2012,"SLA",0.0397168596114647,5.08588646218828e-06,0.000773036487322202,0.0127551020408163,0.136054421768707,30
"266",9,25,2012,"SST",0.0285977911512512,2.12986295372624e-06,0,0,0.0241960420531849,30
"267",9,25,2012,"CHLA",0.0300799770693412,4.11648879782148e-06,0,0.00471552257266543,0.0900587507730365,30
"268",9,25,2012,"EKE",0.0756761195498048,9.70524347623708e-06,0.00896722325293754,0.0963203463203463,0.287492269635127,30
"269",9,25,2012,"YWIND",0.0865893966142291,1.36445114725582e-05,0.0262832405689549,0.130720470006184,0.262755102040816,30
"270",9,25,2012,"SLA",0.0393380191325807,5.07061983361049e-06,0.000927643784786642,0.0120593692022263,0.133194186765615,30
"271",9,26,2012,"SST",0.0285977911512512,2.12986295372624e-06,0,0,0.0241960420531849,30
"272",9,26,2012,"CHLA",0.0300799770693412,4.11648879782148e-06,0,0.00471552257266543,0.0900587507730365,30
"273",9,26,2012,"EKE",0.0756761195498048,9.70524347623708e-06,0.00896722325293754,0.0963203463203463,0.287492269635127,30
"274",9,26,2012,"YWIND",0.0865893966142291,1.36445114725582e-05,0.0262832405689549,0.130720470006184,0.262755102040816,30
"275",9,26,2012,"SLA",0.0394584605484333,5.07229086628311e-06,0.00100494743351886,0.0119820655534941,0.135667903525046,30
"276",9,27,2012,"SST",0.0285977911512512,2.12986295372624e-06,0,0,0.0241960420531849,30
"277",9,27,2012,"CHLA",0.0300799770693412,4.11648879782148e-06,0,0.00471552257266543,0.0900587507730365,30
"278",9,27,2012,"EKE",0.0756761195498048,9.70524347623708e-06,0.00896722325293754,0.0963203463203463,0.287492269635127,30
"279",9,27,2012,"YWIND",0.0865893966142291,1.36445114725582e-05,0.0262832405689549,0.130720470006184,0.262755102040816,30
"280",9,27,2012,"SLA",0.0368452309372049,5.06217869851917e-06,0.00100494743351886,0.0115182436611008,0.116264687693259,30
"281",9,28,2012,"SST",0.0285977911512512,2.12986295372624e-06,0,0,0.0241960420531849,30
"282",9,28,2012,"CHLA",0.0300799770693412,4.11648879782148e-06,0,0.00471552257266543,0.0900587507730365,30
"283",9,28,2012,"EKE",0.0756761195498048,9.70524347623708e-06,0.00896722325293754,0.0963203463203463,0.287492269635127,30
"284",9,28,2012,"YWIND",0.0865893966142291,1.36445114725582e-05,0.0262832405689549,0.130720470006184,0.262755102040816,30
"285",9,28,2012,"SLA",0.0357601641566696,5.07101464732729e-06,0.00100494743351886,0.0110544217687075,0.109384662956092,30
"286",9,29,2012,"SST",0.0285977911512512,2.12986295372624e-06,0,0,0.0241960420531849,30
"287",9,29,2012,"CHLA",0.0300799770693412,4.11648879782148e-06,0,0.00471552257266543,0.0900587507730365,30
"288",9,29,2012,"EKE",0.0756761195498048,9.70524347623708e-06,0.00896722325293754,0.0963203463203463,0.287492269635127,30
"289",9,29,2012,"YWIND",0.0865893966142291,1.36445114725582e-05,0.0262832405689549,0.130720470006184,0.262755102040816,30
"290",9,29,2012,"SLA",0.0358782081127382,5.07659410779902e-06,0.00100494743351886,0.0112863327149041,0.108534322820037,30
"291",9,30,2012,"SST",0.0285977911512512,2.12986295372624e-06,0,0,0.0241960420531849,30
"292",9,30,2012,"CHLA",0.0300799770693412,4.11648879782148e-06,0,0.00471552257266543,0.0900587507730365,30
"293",9,30,2012,"EKE",0.0756761195498048,9.70524347623708e-06,0.00896722325293754,0.0963203463203463,0.287492269635127,30
"294",9,30,2012,"YWIND",0.0865893966142291,1.36445114725582e-05,0.0262832405689549,0.130720470006184,0.262755102040816,30
"295",9,30,2012,"SLA",0.0358203642799311,5.12272752150399e-06,0.00123685837971552,0.011595547309833,0.108843537414966,30
"296",10,1,2012,"SST",0.0285977911512512,2.12986295372624e-06,0,0,0.0241960420531849,30
"297",10,1,2012,"CHLA",0.0300799770693412,4.11648879782148e-06,0,0.00471552257266543,0.0900587507730365,30
"298",10,1,2012,"EKE",0.0756761195498048,9.70524347623708e-06,0.00896722325293754,0.0963203463203463,0.287492269635127,30
"299",10,1,2012,"YWIND",0.0865893966142291,1.36445114725582e-05,0.0262832405689549,0.130720470006184,0.262755102040816,30
"300",10,1,2012,"SLA",0.0355703099681683,5.16533630562511e-06,0.00123685837971552,0.0119047619047619,0.106679035250464,30
"301",10,2,2012,"SST",0.0298813259873935,2.1359615471192e-06,0,0,0.0306895485466914,30
"302",10,2,2012,"CHLA",0.0300799770693412,4.11648879782148e-06,0,0.00471552257266543,0.0900587507730365,30
"303",10,2,2012,"EKE",0.0756706344722105,9.6555664125307e-06,0.008426097711812,0.0950061842918986,0.289579468150897,30
"304",10,2,2012,"YWIND",0.0865893966142291,1.36445114725582e-05,0.0262832405689549,0.130720470006184,0.262755102040816,30
"305",10,2,2012,"SLA",0.0338793842758279,5.19524227674361e-06,0.00123685837971552,0.0121366728509586,0.0969387755102041,30
"306",10,3,2012,"SST",0.026198148731003,2.43176219847781e-06,0,0,0.0369511440940012,30
"307",10,3,2012,"CHLA",0.0300799770693412,4.11648879782148e-06,0,0.00471552257266543,0.0900587507730365,30
"308",10,3,2012,"EKE",0.0753528321139773,9.57471042826029e-06,0.00780766852195424,0.0939239332096475,0.28726035868893,30
"309",10,3,2012,"YWIND",0.0865893966142291,1.36445114725582e-05,0.0262832405689549,0.130720470006184,0.262755102040816,30
"310",10,3,2012,"SLA",0.0345835334118277,5.11545649172786e-06,0.00100494743351886,0.0125231910946197,0.101267779839208,30
"311",10,4,2012,"SST",0.0253122285921561,2.24383051315052e-06,0,0,0.0270562770562771,30
"312",10,4,2012,"CHLA",0.0300799770693412,4.11648879782148e-06,0,0.00471552257266543,0.0900587507730365,30
"313",10,4,2012,"EKE",0.0755593600222219,9.57845343129485e-06,0.00711193568336425,0.0956246134817563,0.288729128014842,30
"314",10,4,2012,"YWIND",0.0865893966142291,1.36445114725582e-05,0.0262832405689549,0.130720470006184,0.262755102040816,30
"315",10,4,2012,"SLA",0.0369016687288484,5.09261028641604e-06,0.000927643784786642,0.0129097093382808,0.114950525664811,30
"316",10,5,2012,"SST",0.0158600666137095,2.24685568760503e-06,0,0,0.0174706246134818,30
"317",10,5,2012,"CHLA",0.0300799770693412,4.11648879782148e-06,0,0.00471552257266543,0.0900587507730365,30
"318",10,5,2012,"EKE",0.0756895327554769,9.56339465962783e-06,0.00742115027829314,0.094465058750773,0.289965986394558,30
"319",10,5,2012,"YWIND",0.0865893966142291,1.36445114725582e-05,0.0262832405689549,0.130720470006184,0.262755102040816,30
"320",10,5,2012,"SLA",0.0401181491913207,5.14399537855519e-06,0.000927643784786642,0.0134508348794063,0.138528138528139,30
"321",10,6,2012,"SST",0.0165774268425859,2.69385439779126e-06,0,0,0.0289115646258503,30
"322",10,6,2012,"CHLA",0.0300799770693412,4.11648879782148e-06,0,0.00471552257266543,0.0900587507730365,30
"323",10,6,2012,"EKE",0.0758761769347005,9.52308448668493e-06,0.00688002473716759,0.0953927025355597,0.291898577612863,30
"324",10,6,2012,"YWIND",0.0865893966142291,1.36445114725582e-05,0.0262832405689549,0.130720470006184,0.262755102040816,30
"325",10,6,2012,"SLA",0.0406357570359527,5.1324339792915e-06,0.000927643784786642,0.0137600494743352,0.142084106369821,30
"326",10,7,2012,"SST",0.0161151128435912,2.38449406819671e-06,0,0,0.0213358070500928,30
"327",10,7,2012,"CHLA",0.0300799770693412,4.11648879782148e-06,0,0.00471552257266543,0.0900587507730365,30
"328",10,7,2012,"EKE",0.0759461091636932,9.53323151278239e-06,0.00688002473716759,0.0943104514533086,0.29213048855906,30
"329",10,7,2012,"YWIND",0.0865893966142291,1.36445114725582e-05,0.0262832405689549,0.130720470006184,0.262755102040816,30
"330",10,7,2012,"SLA",0.0409625923739675,5.08633759343361e-06,0.000618429189857761,0.0140692640692641,0.143862090290662,30
"331",10,8,2012,"SST",0.0295486420688371,2.47031494710036e-06,0,0,0.0425943104514533,30
"332",10,8,2012,"CHLA",0.0300799770693412,4.11648879782148e-06,0,0.00471552257266543,0.0900587507730365,30
"333",10,8,2012,"EKE",0.0758381248365045,9.53387761408053e-06,0.00796227581941868,0.0953153988868275,0.290120593692022,30
"334",10,8,2012,"YWIND",0.0865893966142291,1.36445114725582e-05,0.0262832405689549,0.130720470006184,0.262755102040816,30
"335",10,8,2012,"SLA",0.0360370984217414,4.90009062412288e-06,0.000386518243661101,0.0112863327149041,0.108611626468769,30
"336",10,9,2012,"SST",0.025457079653808,2.0888184356157e-06,0,0,0.0198670377241806,30
"337",10,9,2012,"CHLA",0.0300799770693412,4.11648879782148e-06,0,0.00471552257266543,0.0900587507730365,30
"338",10,9,2012,"EKE",0.07629255583131,9.56257408594962e-06,0.00788497217068646,0.0973252937538652,0.291666666666667,30
"339",10,9,2012,"YWIND",0.0865893966142291,1.36445114725582e-05,0.0262832405689549,0.130720470006184,0.262755102040816,30
"340",10,9,2012,"SLA",0.0363509818366655,4.88954280444894e-06,0.000386518243661101,0.0113636363636364,0.113327149041435,30
"341",10,10,2012,"SST",0.0237297912359291,1.88492664862549e-06,0,0,0.014378478664193,30
"342",10,10,2012,"CHLA",0.0300799770693412,4.11648879782148e-06,0,0.00471552257266543,0.0900587507730365,30
"343",10,10,2012,"EKE",0.0764705310460119,9.5738508111071e-06,0.0080395794681509,0.0986394557823129,0.293212739641311,30
"344",10,10,2012,"YWIND",0.0932848529456871,1.27841424417545e-05,0.0296072974644403,0.152288188002474,0.300015460729746,30
"345",10,10,2012,"SLA",0.0316693899343882,4.76258327782325e-06,0.000309214594928881,0.00943104514533086,0.0885126777983921,30
"346",10,11,2012,"SST",0.0195173681985687,1.89418121491255e-06,0,0,0.0109771181199753,30
"347",10,11,2012,"CHLA",0.0300799770693412,4.11648879782148e-06,0,0.00471552257266543,0.0900587507730365,30
"348",10,11,2012,"EKE",0.0764126970476944,9.59203881781977e-06,0.00742115027829314,0.0967841682127396,0.291666666666667,30
"349",10,11,2012,"YWIND",0.0987154864174827,1.25961839338954e-05,0.0288342609771181,0.180040197897341,0.300711193568336,30
"350",10,11,2012,"SLA",0.0293845480182367,4.70351547298107e-06,0.00023191094619666,0.00873531230674088,0.079700061842919,30
"351",10,12,2012,"SST",0.0139226329405606,1.94449089767307e-06,0,0,0.00966295609152752,30
"352",10,12,2012,"CHLA",0.0300799770693412,4.11648879782148e-06,0,0.00471552257266543,0.0900587507730365,30
"353",10,12,2012,"EKE",0.0763835433469162,9.66908655589922e-06,0.0080395794681509,0.096552257266543,0.291280148423006,30
"354",10,12,2012,"YWIND",0.101048475319555,1.10443850561299e-05,0.0211038961038961,0.171150278293135,0.351576994434137,30
"355",10,12,2012,"SLA",0.0284677287700596,4.66794559704697e-06,0.00015460729746444,0.00865800865800866,0.0772263450834879,30
"356",10,13,2012,"SST",0.0158562450248435,2.08007520023926e-06,0,0,0.0155380333951763,30
"357",10,13,2012,"CHLA",0.0300799770693412,4.11648879782148e-06,0,0.00471552257266543,0.0900587507730365,30
"358",10,13,2012,"EKE",0.0762468078260969,9.73075194165053e-06,0.0088126159554731,0.0970160791589363,0.289502164502164,30
"359",10,13,2012,"YWIND",0.126359128210178,1.45117551334461e-05,0.0615337043908472,0.229437229437229,0.346861471861472,30
"360",10,13,2012,"SLA",0.0310148620539615,4.74937710758661e-06,0.000309214594928881,0.00912183055040198,0.087430426716141,30
"361",10,14,2012,"SST",0.0214959439709334,2.40151428553238e-06,0,0,0.025278293135436,30
"362",10,14,2012,"CHLA",0.024810351947021,3.90264668980696e-06,0,0.00471552257266543,0.0587507730364873,30
"363",10,14,2012,"EKE",0.0763283086061469,9.73234986552059e-06,0.0095856524427953,0.0969387755102041,0.287801484230056,30
"364",10,14,2012,"YWIND",0.119324693623121,1.59788135311852e-05,0.0769171304885591,0.181431663574521,0.335420531849103,30
"365",10,14,2012,"SLA",0.0303999159387045,4.71276093358644e-06,0.000309214594928881,0.00865800865800866,0.0845701917130489,30
"366",10,15,2012,"SST",0.0302227504208579,3.05607735287152e-06,0,0,0.107915893630179,30
"367",10,15,2012,"CHLA",0.024810351947021,3.90264668980696e-06,0,0.00471552257266543,0.0587507730364873,30
"368",10,15,2012,"EKE",0.0764612896041298,9.7552801555508e-06,0.00888991960420532,0.0952380952380952,0.291125541125541,30
"369",10,15,2012,"YWIND",0.114362257114316,1.36229217362165e-05,0.0570500927643785,0.188388991960421,0.349644403215832,30
"370",10,15,2012,"SLA",0.0293016874346241,4.71960068975421e-06,0.00023191094619666,0.0088126159554731,0.0800865800865801,30
"371",10,16,2012,"SST",0.0431109854731936,3.83769542808467e-06,0,0,0.214904143475572,30
"372",10,16,2012,"CHLA",0.0194997465407731,4.27560365174625e-06,0.000386518243661101,0.00309214594928881,0.053030303030303,30
"373",10,16,2012,"EKE",0.0759078127503273,9.69149903770679e-06,0.00943104514533086,0.0952380952380952,0.289888682745826,30
"374",10,16,2012,"YWIND",0.098644574653181,1.18410285811606e-05,0.0218769325912183,0.166048237476809,0.321428571428571,30
"375",10,16,2012,"SLA",0.0294384257256715,4.74101171098031e-06,0.00023191094619666,0.0088126159554731,0.0800092764378479,30
"376",10,17,2012,"SST",0.0324131707368633,3.09670048855447e-06,0,0,0.114022881880025,30
"377",10,17,2012,"CHLA",0.0194997465407731,4.27560365174625e-06,0.000386518243661101,0.00309214594928881,0.053030303030303,30
"378",10,17,2012,"EKE",0.0769099358428637,9.5758092912964e-06,0.0076530612244898,0.100649350649351,0.295763760049474,30
"379",10,17,2012,"YWIND",0.121571934394079,1.39428818704546e-05,0.060760667903525,0.211193568336425,0.366341991341991,30
"380",10,17,2012,"SLA",0.0285985682393463,4.7159222995242e-06,0.00023191094619666,0.00865800865800866,0.0775355596784168,30
"381",10,18,2012,"SST",0.0324131707368633,3.09670048855447e-06,0,0,0.114022881880025,30
"382",10,18,2012,"CHLA",0.0194997465407731,4.27560365174625e-06,0.000386518243661101,0.00309214594928881,0.053030303030303,30
"383",10,18,2012,"EKE",0.0769099358428637,9.5758092912964e-06,0.0076530612244898,0.100649350649351,0.295763760049474,30
"384",10,18,2012,"YWIND",0.166062589405631,1.74555512243154e-05,0.137213976499691,0.26878478664193,0.409168212739641,30
"385",10,18,2012,"SLA",0.0286699596423929,4.74653384441644e-06,0.00023191094619666,0.00865800865800866,0.0759121830550402,30
"386",10,19,2012,"SST",0.0324131707368633,3.09670048855447e-06,0,0,0.114022881880025,30
"387",10,19,2012,"CHLA",0.0194997465407731,4.27560365174625e-06,0.000386518243661101,0.00309214594928881,0.053030303030303,30
"388",10,19,2012,"EKE",0.0769099358428637,9.5758092912964e-06,0.0076530612244898,0.100649350649351,0.295763760049474,30
"389",10,19,2012,"YWIND",0.149607503376514,1.62734634723972e-05,0.0850340136054422,0.273113790970934,0.384276437847866,30
"390",10,19,2012,"SLA",0.031628960028041,4.93785718491792e-06,0.000386518243661101,0.00966295609152752,0.0933055040197897,30
"391",10,20,2012,"SST",0.0324131707368633,3.09670048855447e-06,0,0,0.114022881880025,30
"392",10,20,2012,"CHLA",0.0194997465407731,4.27560365174625e-06,0.000386518243661101,0.00309214594928881,0.053030303030303,30
"393",10,20,2012,"EKE",0.0769099358428637,9.5758092912964e-06,0.0076530612244898,0.100649350649351,0.295763760049474,30
"394",10,20,2012,"YWIND",0.160912419959956,1.37169463891786e-05,0.102118119975263,0.316094619666048,0.420299938157081,30
"395",10,20,2012,"SLA",0.0310794217717256,4.95998324981702e-06,0.000386518243661101,0.0100494743351886,0.0896722325293754,30
"396",10,21,2012,"SST",0.0324131707368633,3.09670048855447e-06,0,0,0.114022881880025,30
"397",10,21,2012,"CHLA",0.0194997465407731,4.27560365174625e-06,0.000386518243661101,0.00309214594928881,0.053030303030303,30
"398",10,21,2012,"EKE",0.0769099358428637,9.5758092912964e-06,0.0076530612244898,0.100649350649351,0.295763760049474,30
"399",10,21,2012,"YWIND",0.111008067210536,1.55203478219702e-05,0.0708101422387137,0.170377241805813,0.313388991960421,30
"400",10,21,2012,"SLA",0.0305791442484112,4.95182030315823e-06,0.000386518243661101,0.0102040816326531,0.0852659245516388,30
"401",10,22,2012,"SST",0.0324131707368633,3.09670048855447e-06,0,0,0.114022881880025,30
"402",10,22,2012,"CHLA",0.0313866182291842,4.09150168481961e-06,7.73036487322202e-05,0.00363327149041435,0.123685837971552,30
"403",10,22,2012,"EKE",0.0769099358428637,9.5758092912964e-06,0.0076530612244898,0.100649350649351,0.295763760049474,30
"404",10,22,2012,"YWIND",0.17090506358449,1.89581480622356e-05,0.134353741496599,0.287105751391466,0.391542980828695,30
"405",10,22,2012,"SLA",0.0307722165382887,4.97227602701579e-06,0.000386518243661101,0.0110544217687075,0.0861935683364255,30
"406",10,23,2012,"SST",0.0324131707368633,3.09670048855447e-06,0,0,0.114022881880025,30
"407",10,23,2012,"CHLA",0.0313866182291842,4.09150168481961e-06,7.73036487322202e-05,0.00363327149041435,0.123685837971552,30
"408",10,23,2012,"EKE",0.0769099358428637,9.5758092912964e-06,0.0076530612244898,0.100649350649351,0.295763760049474,30
"409",10,23,2012,"YWIND",0.145615231740093,1.81380331331105e-05,0.126700680272109,0.211270871985158,0.375541125541126,30
"410",10,23,2012,"SLA",0.0322488859273991,5.10592395097415e-06,0.000386518243661101,0.0125231910946197,0.0932282003710575,30
"411",10,24,2012,"SST",0.0324131707368633,3.09670048855447e-06,0,0,0.114022881880025,30
"412",10,24,2012,"CHLA",0.02972407179556,3.56777589423926e-06,0.00015460729746444,0.00108225108225108,0.0902133580705009,30
"413",10,24,2012,"EKE",0.0769099358428637,9.5758092912964e-06,0.0076530612244898,0.100649350649351,0.295763760049474,30
"414",10,24,2012,"YWIND",0.103972926052532,1.08930416021498e-05,0.0178571428571429,0.164811379097093,0.359848484848485,30
"415",10,24,2012,"SLA",0.0335902969562537,5.18585614206138e-06,0.000386518243661101,0.0133735312306741,0.0995670995670996,30
"416",10,25,2012,"SST",0.0324131707368633,3.09670048855447e-06,0,0,0.114022881880025,30
"417",10,25,2012,"CHLA",0.02972407179556,3.56777589423926e-06,0.00015460729746444,0.00108225108225108,0.0902133580705009,30
"418",10,25,2012,"EKE",0.0769099358428637,9.5758092912964e-06,0.0076530612244898,0.100649350649351,0.295763760049474,30
"419",10,25,2012,"YWIND",0.103359626389383,1.02652431945925e-05,0.0135281385281385,0.178339517625232,0.377473716759431,30
"420",10,25,2012,"SLA",0.0341804554156966,5.25335195088057e-06,0.000463821892393321,0.0140692640692641,0.102040816326531,30
"421",10,26,2012,"SST",0.0324131707368633,3.09670048855447e-06,0,0,0.114022881880025,30
"422",10,26,2012,"CHLA",0.02972407179556,3.56777589423926e-06,0.00015460729746444,0.00108225108225108,0.0902133580705009,30
"423",10,26,2012,"EKE",0.0769099358428637,9.5758092912964e-06,0.0076530612244898,0.100649350649351,0.295763760049474,30
"424",10,26,2012,"YWIND",0.103359626389383,1.02652431945925e-05,0.0135281385281385,0.178339517625232,0.377473716759431,30
"425",10,26,2012,"SLA",0.0350082501922991,5.35555547953911e-06,0.000541125541125541,0.0147649969078541,0.106601731601732,30
"426",10,27,2012,"SST",0.0324131707368633,3.09670048855447e-06,0,0,0.114022881880025,30
"427",10,27,2012,"CHLA",0.02972407179556,3.56777589423926e-06,0.00015460729746444,0.00108225108225108,0.0902133580705009,30
"428",10,27,2012,"EKE",0.0769099358428637,9.5758092912964e-06,0.0076530612244898,0.100649350649351,0.295763760049474,30
"429",10,27,2012,"YWIND",0.103359626389383,1.02652431945925e-05,0.0135281385281385,0.178339517625232,0.377473716759431,30
"430",10,27,2012,"SLA",0.0353134828412159,5.4509035295285e-06,0.000618429189857761,0.0155380333951763,0.108457019171305,30
"431",10,28,2012,"SST",0.0324131707368633,3.09670048855447e-06,0,0,0.114022881880025,30
"432",10,28,2012,"CHLA",0.02972407179556,3.56777589423926e-06,0.00015460729746444,0.00108225108225108,0.0902133580705009,30
"433",10,28,2012,"EKE",0.0769099358428637,9.5758092912964e-06,0.0076530612244898,0.100649350649351,0.295763760049474,30
"434",10,28,2012,"YWIND",0.103359626389383,1.02652431945925e-05,0.0135281385281385,0.178339517625232,0.377473716759431,30
"435",10,28,2012,"SLA",0.0364184205963366,5.63246061072258e-06,0.000773036487322202,0.0177798392084106,0.114486703772418,30
"436",10,29,2012,"SST",0.0324131707368633,3.09670048855447e-06,0,0,0.114022881880025,30
"437",10,29,2012,"CHLA",0.02972407179556,3.56777589423926e-06,0.00015460729746444,0.00108225108225108,0.0902133580705009,30
"438",10,29,2012,"EKE",0.0769099358428637,9.5758092912964e-06,0.0076530612244898,0.100649350649351,0.295763760049474,30
"439",10,29,2012,"YWIND",0.103359626389383,1.02652431945925e-05,0.0135281385281385,0.178339517625232,0.377473716759431,30
"440",10,29,2012,"SLA",0.0380515787277499,5.83420492215646e-06,0.00100494743351886,0.0187074829931973,0.125309214594929,30
"441",10,30,2012,"SST",0.0324131707368633,3.09670048855447e-06,0,0,0.114022881880025,30
"442",10,30,2012,"CHLA",0.02972407179556,3.56777589423926e-06,0.00015460729746444,0.00108225108225108,0.0902133580705009,30
"443",10,30,2012,"EKE",0.0769099358428637,9.5758092912964e-06,0.0076530612244898,0.100649350649351,0.295763760049474,30
"444",10,30,2012,"YWIND",0.103359626389383,1.02652431945925e-05,0.0135281385281385,0.178339517625232,0.377473716759431,30
"445",10,30,2012,"SLA",0.0398117671442857,6.0037005182966e-06,0.0011595547309833,0.0204081632653061,0.139842300556586,30
"446",10,31,2012,"SST",0.0324131707368633,3.09670048855447e-06,0,0,0.114022881880025,30
"447",10,31,2012,"CHLA",0.02972407179556,3.56777589423926e-06,0.00015460729746444,0.00108225108225108,0.0902133580705009,30
"448",10,31,2012,"EKE",0.0769099358428637,9.5758092912964e-06,0.0076530612244898,0.100649350649351,0.295763760049474,30
"449",10,31,2012,"YWIND",0.103359626389383,1.02652431945925e-05,0.0135281385281385,0.178339517625232,0.377473716759431,30
"450",10,31,2012,"SLA",0.0420788289784245,6.21882103593118e-06,0.0015460729746444,0.0216450216450216,0.155844155844156,30
"451",11,1,2012,"SST",0.0324016591311825,3.14210524527916e-06,0,0,0.119124922696351,30
"452",11,1,2012,"CHLA",0.02972407179556,3.56777589423926e-06,0.00015460729746444,0.00108225108225108,0.0902133580705009,30
"453",11,1,2012,"EKE",0.0760396111845728,9.48465207947934e-06,0.00734384662956091,0.0984848484848485,0.292671614100186,30
"454",11,1,2012,"YWIND",0.103359626389383,1.02652431945925e-05,0.0135281385281385,0.178339517625232,0.377473716759431,30
"455",11,1,2012,"SLA",0.0408577823871181,6.22709322558115e-06,0.0019325912183055,0.0214904143475572,0.143166357452072,30
"456",11,2,2012,"SST",0.0313279431973576,2.75220434090068e-06,0,0.00023191094619666,0.0844155844155844,30
"457",11,2,2012,"CHLA",0.02972407179556,3.56777589423926e-06,0.00015460729746444,0.00108225108225108,0.0902133580705009,30
"458",11,2,2012,"EKE",0.0758687418740633,9.44708322943065e-06,0.00718923933209648,0.0976345083487941,0.292362399505257,30
"459",11,2,2012,"YWIND",0.103359626389383,1.02652431945925e-05,0.0135281385281385,0.178339517625232,0.377473716759431,30
"460",11,2,2012,"SLA",0.0397049928108402,6.30049366081673e-06,0.0023191094619666,0.0215677179962894,0.131725417439703,30
"461",11,3,2012,"SST",0.0329513379422103,2.90977054354726e-06,0,0,0.0976345083487941,30
"462",11,3,2012,"CHLA",0.02972407179556,3.56777589423926e-06,0.00015460729746444,0.00108225108225108,0.0902133580705009,30
"463",11,3,2012,"EKE",0.0757045778985887,9.40658159351458e-06,0.00657081014223871,0.0967841682127396,0.291202844774273,30
"464",11,3,2012,"YWIND",0.103359626389383,1.02652431945925e-05,0.0135281385281385,0.178339517625232,0.377473716759431,30
"465",11,3,2012,"SLA",0.0398707400158848,6.46975969918586e-06,0.00293753865182437,0.0215677179962894,0.129947433518862,30
"466",11,4,2012,"SST",0.0368824067109283,3.08112050577317e-06,0,7.73036487322202e-05,0.141156462585034,30
"467",11,4,2012,"CHLA",0.02972407179556,3.56777589423926e-06,0.00015460729746444,0.00108225108225108,0.0902133580705009,30
"468",11,4,2012,"EKE",0.076069746541028,9.41150377115924e-06,0.00649350649350649,0.0963976499690785,0.293367346938776,30
"469",11,4,2012,"YWIND",0.103359626389383,1.02652431945925e-05,0.0135281385281385,0.178339517625232,0.377473716759431,30
"470",11,4,2012,"SLA",0.0402722230295765,6.67577473006493e-06,0.00371057513914657,0.0225726654298083,0.127551020408163,30
"471",11,5,2012,"SST",0.0384160607433706,3.25137738522124e-06,0,0,0.154839208410637,30
"472",11,5,2012,"CHLA",0.02972407179556,3.56777589423926e-06,0.00015460729746444,0.00108225108225108,0.0902133580705009,30
"473",11,5,2012,"EKE",0.0764286686950763,9.47734550483854e-06,0.0072665429808287,0.0989486703772418,0.294140383426098,30
"474",11,5,2012,"YWIND",0.103359626389383,1.02652431945925e-05,0.0135281385281385,0.178339517625232,0.377473716759431,30
"475",11,5,2012,"SLA",0.0396045478457803,6.71527899388551e-06,0.00394248608534323,0.0226499690785405,0.120439084724799,30
"476",11,6,2012,"SST",0.0398001680592116,3.39452827580436e-06,0,0,0.168367346938776,30
"477",11,6,2012,"CHLA",0.02972407179556,3.56777589423926e-06,0.00015460729746444,0.00108225108225108,0.0902133580705009,30
"478",11,6,2012,"EKE",0.076766537888452,9.54323413749494e-06,0.00664811379097093,0.0992578849721707,0.294990723562152,30
"479",11,6,2012,"YWIND",0.103359626389383,1.02652431945925e-05,0.0135281385281385,0.178339517625232,0.377473716759431,30
"480",11,6,2012,"SLA",0.0388982058525507,6.75213625483297e-06,0.00401978973407545,0.0224953617810761,0.117192331478046,30
"481",11,7,2012,"SST",0.0409271450372555,3.2997955825441e-06,0,0,0.174165120593692,30
"482",11,7,2012,"CHLA",0.02972407179556,3.56777589423926e-06,0.00015460729746444,0.00108225108225108,0.0902133580705009,30
"483",11,7,2012,"EKE",0.0770636931599599,9.58825050283332e-06,0.00742115027829314,0.099025974025974,0.291743970315399,30
"484",11,7,2012,"YWIND",0.103359626389383,1.02652431945925e-05,0.0135281385281385,0.178339517625232,0.377473716759431,30
"485",11,7,2012,"SLA",0.0364872230545003,6.62467543306553e-06,0.00386518243661101,0.021413110698825,0.105519480519481,30
"486",11,8,2012,"SST",0.0341938280478451,3.41220702048659e-06,0,0,0.0950834879406308,30
"487",11,8,2012,"CHLA",0.02972407179556,3.56777589423926e-06,0.00015460729746444,0.00108225108225108,0.0902133580705009,30
"488",11,8,2012,"EKE",0.0771749543957199,9.66064340966531e-06,0.00834879406307978,0.100340136054422,0.292671614100186,30
"489",11,8,2012,"YWIND",0.103359626389383,1.02652431945925e-05,0.0135281385281385,0.178339517625232,0.377473716759431,30
"490",11,8,2012,"SLA",0.0363846925047849,6.74804707084271e-06,0.00394248608534323,0.0213358070500928,0.105210265924552,30
"491",11,9,2012,"SST",0.0347049444831197,3.46503110060236e-06,0,0,0.113404452690167,30
"492",11,9,2012,"CHLA",0.02972407179556,3.56777589423926e-06,0.00015460729746444,0.00108225108225108,0.0902133580705009,30
"493",11,9,2012,"EKE",0.0773248368538512,9.74197770259371e-06,0.00850340136054422,0.101963512677798,0.293676561533704,30
"494",11,9,2012,"YWIND",0.102553173047015,1.05495208157437e-05,0.0123685837971552,0.171691403834261,0.368893011750155,30
"495",11,9,2012,"SLA",0.0349421989331014,6.57028380246173e-06,0.00355596784168213,0.0197124304267161,0.100494743351886,30
"496",11,10,2012,"SST",0.0372988914706047,3.421987642976e-06,0,0,0.165816326530612,30
"497",11,10,2012,"CHLA",0.02972407179556,3.56777589423926e-06,0.00015460729746444,0.00108225108225108,0.0902133580705009,30
"498",11,10,2012,"EKE",0.0781514093132069,9.92286584512157e-06,0.00966295609152752,0.105132962275819,0.292671614100186,30
"499",11,10,2012,"YWIND",0.0965151678716574,1.22313017875276e-05,0.0117501546072975,0.168831168831169,0.301252319109462,30
"500",11,10,2012,"SLA",0.0351300165065465,6.48751465002687e-06,0.00324675324675325,0.019325912183055,0.102350030921459,30
"501",11,11,2012,"SST",0.0390594428626008,3.38710374855269e-06,0,0,0.197742733457019,30
"502",11,11,2012,"CHLA",0.02972407179556,3.56777589423926e-06,0.00015460729746444,0.00108225108225108,0.0902133580705009,30
"503",11,11,2012,"EKE",0.0794460484797938,1.02017159310934e-05,0.0117501546072975,0.108070500927644,0.291357452071738,30
"504",11,11,2012,"YWIND",0.0633021167936027,6.79575782212441e-06,7.73036487322202e-05,0.0541898577612863,0.293058132343847,30
"505",11,11,2012,"SLA",0.0355743253993799,6.46567153851554e-06,0.00340136054421769,0.0198670377241806,0.104591836734694,30
"506",11,12,2012,"SST",0.041367894054227,3.60382430413416e-06,0,0,0.20508658008658,30
"507",11,12,2012,"CHLA",0.02972407179556,3.56777589423926e-06,0.00015460729746444,0.00108225108225108,0.0902133580705009,30
"508",11,12,2012,"EKE",0.0796570402194922,1.02976476067838e-05,0.0117501546072975,0.107761286332715,0.294063079777366,30
"509",11,12,2012,"YWIND",0.0773801650451485,7.46792142840014e-06,7.73036487322202e-05,0.104669140383426,0.32243351886209,30
"510",11,12,2012,"SLA",0.0354443260200349,6.56292632395701e-06,0.00355596784168213,0.0202535559678417,0.103277674706246,30
"511",11,13,2012,"SST",0.0442170382013963,3.71768026265134e-06,0,0,0.219387755102041,30
"512",11,13,2012,"CHLA",0.02972407179556,3.56777589423926e-06,0.00015460729746444,0.00108225108225108,0.0902133580705009,30
"513",11,13,2012,"EKE",0.0800143840527963,1.03493748111564e-05,0.0115182436611008,0.109616573902288,0.297773654916512,30
"514",11,13,2012,"YWIND",0.0846654645039726,1.19650200982426e-05,0.0180890538033395,0.145717377860235,0.256184291898578,30
"515",11,13,2012,"SLA",0.0354870641555048,6.54680210136219e-06,0.00347866419294991,0.0201762523191095,0.103432282003711,30
"516",11,14,2012,"SST",0.0376847500486328,3.47530440717413e-06,0,0,0.160250463821892,30
"517",11,14,2012,"CHLA",0.02972407179556,3.56777589423926e-06,0.00015460729746444,0.00108225108225108,0.0902133580705009,30
"518",11,14,2012,"EKE",0.080400534307848,1.03725525719482e-05,0.0120593692022263,0.110235003092146,0.297155225726654,30
"519",11,14,2012,"YWIND",0.147077762507277,1.13878963867115e-05,0.0508658008658009,0.306431663574521,0.430581323438466,30
"520",11,14,2012,"SLA",0.0355560731441747,6.53272037822372e-06,0.00332405689548547,0.0202535559678417,0.103818800247372,30
"521",11,15,2012,"SST",0.0312415895526396,3.6259919269622e-06,0,0,0.10899814471243,30
"522",11,15,2012,"CHLA",0.0204333644766884,3.78379683854251e-06,7.73036487322202e-05,0.00255102040816327,0.0531849103277675,30
"523",11,15,2012,"EKE",0.0804415818244379,1.03544588608599e-05,0.012291280148423,0.10969387755102,0.2963048855906,30
"524",11,15,2012,"YWIND",0.115126234477646,1.44273473379434e-05,0.0722789115646258,0.181431663574521,0.344387755102041,30
"525",11,15,2012,"SLA",0.0359400571071291,6.51785037220784e-06,0.00324675324675325,0.0204854669140383,0.108766233766234,30
"526",11,16,2012,"SST",0.0176320151636083,1.72501668802647e-06,0,0,0.00440630797773655,30
"527",11,16,2012,"CHLA",0.0204333644766884,3.78379683854251e-06,7.73036487322202e-05,0.00255102040816327,0.0531849103277675,30
"528",11,16,2012,"EKE",0.0654218949387072,8.17366670541396e-06,0.00293753865182437,0.0677179962894249,0.265538033395176,30
"529",11,16,2012,"YWIND",0.16792961586768,1.86327083768514e-05,0.14169758812616,0.269635126777984,0.400819418676562,30
"530",11,16,2012,"SLA",0.0356443693376208,6.40672828922743e-06,0.00301484230055659,0.0198670377241806,0.108379715522573,30
"531",11,17,2012,"SST",0.0309827050638747,3.35569116461973e-06,0,0,0.101345083487941,30
"532",11,17,2012,"CHLA",0.0207032261571023,3.47877026005748e-06,7.73036487322202e-05,0.00131416202844774,0.0493197278911565,30
"533",11,17,2012,"EKE",0.0685518191482426,8.71774139374974e-06,0.00355596784168213,0.0807050092764379,0.268552875695733,30
"534",11,17,2012,"YWIND",0.121994416166027,1.47578211627126e-05,0.0667903525046382,0.210265924551639,0.352040816326531,30
"535",11,17,2012,"SLA",0.0357269221054102,6.34793837109362e-06,0.00270562770562771,0.0203308596165739,0.109616573902288,30
"536",11,18,2012,"SST",0.0309827050638747,3.35569116461973e-06,0,0,0.101345083487941,30
"537",11,18,2012,"CHLA",0.0207032261571023,3.47877026005748e-06,7.73036487322202e-05,0.00131416202844774,0.0493197278911565,30
"538",11,18,2012,"EKE",0.0685518191482426,8.71774139374974e-06,0.00355596784168213,0.0807050092764379,0.268552875695733,30
"539",11,18,2012,"YWIND",0.117400003244112,1.38074231896629e-05,0.0603741496598639,0.188775510204082,0.369588744588745,30
"540",11,18,2012,"SLA",0.038808099292025,6.52707937411171e-06,0.00255102040816327,0.0217223252937539,0.12917439703154,30
"541",11,19,2012,"SST",0.0309827050638747,3.35569116461973e-06,0,0,0.101345083487941,30
"542",11,19,2012,"CHLA",0.0207032261571023,3.47877026005748e-06,7.73036487322202e-05,0.00131416202844774,0.0493197278911565,30
"543",11,19,2012,"EKE",0.0685518191482426,8.71774139374974e-06,0.00355596784168213,0.0807050092764379,0.268552875695733,30
"544",11,19,2012,"YWIND",0.120136575755062,9.23639431432535e-06,0.00224180581323438,0.232374768089054,0.414502164502164,30
"545",11,19,2012,"SLA",0.0378966270668777,6.34023295332414e-06,0.00216450216450216,0.021413110698825,0.12569573283859,30
"546",11,20,2012,"SST",0.0309827050638747,3.35569116461973e-06,0,0,0.101345083487941,30
"547",11,20,2012,"CHLA",0.0207032261571023,3.47877026005748e-06,7.73036487322202e-05,0.00131416202844774,0.0493197278911565,30
"548",11,20,2012,"EKE",0.0685518191482426,8.71774139374974e-06,0.00355596784168213,0.0807050092764379,0.268552875695733,30
"549",11,20,2012,"YWIND",0.0908123451898036,9.89100707445229e-06,0.00834879406307978,0.142779839208411,0.33426097711812,30
"550",11,20,2012,"SLA",0.0364567323740324,6.12853994848622e-06,0.00162337662337662,0.0204081632653061,0.118583797155226,30
"551",11,21,2012,"SST",0.0309827050638747,3.35569116461973e-06,0,0,0.101345083487941,30
"552",11,21,2012,"CHLA",0.0207032261571023,3.47877026005748e-06,7.73036487322202e-05,0.00131416202844774,0.0493197278911565,30
"553",11,21,2012,"EKE",0.0685518191482426,8.71774139374974e-06,0.00355596784168213,0.0807050092764379,0.268552875695733,30
"554",11,21,2012,"YWIND",0.0850861659058233,1.02802014840537e-05,0.000541125541125541,0.151669758812616,0.296227581941868,30
"555",11,21,2012,"SLA",0.035856149009238,5.98570560159308e-06,0.00108225108225108,0.0189393939393939,0.115878169449598,30
"556",11,22,2012,"SST",0.0309827050638747,3.35569116461973e-06,0,0,0.101345083487941,30
"557",11,22,2012,"CHLA",0.0207032261571023,3.47877026005748e-06,7.73036487322202e-05,0.00131416202844774,0.0493197278911565,30
"558",11,22,2012,"EKE",0.0685518191482426,8.71774139374974e-06,0.00355596784168213,0.0807050092764379,0.268552875695733,30
"559",11,22,2012,"YWIND",0.186962660172124,2.18774477173047e-05,0.177798392084106,0.263296227581942,0.40182436611008,30
"560",11,22,2012,"SLA",0.036715571518676,5.94548892768583e-06,0.0011595547309833,0.0181663574520717,0.119820655534941,30
"561",11,23,2012,"SST",0.0309827050638747,3.35569116461973e-06,0,0,0.101345083487941,30
"562",11,23,2012,"CHLA",0.016074473210405,2.94189627367747e-06,0,0.000927643784786642,0.0275200989486704,30
"563",11,23,2012,"EKE",0.0685518191482426,8.71774139374974e-06,0.00355596784168213,0.0807050092764379,0.268552875695733,30
"564",11,23,2012,"YWIND",0.105950132826463,1.50947695571009e-05,0.0479282622139765,0.155071119356834,0.328463203463203,30
"565",11,23,2012,"SLA",0.0365282959369298,5.84341490095614e-06,0.00108225108225108,0.0178571428571429,0.120439084724799,30
"566",11,24,2012,"SST",0.0309827050638747,3.35569116461973e-06,0,0,0.101345083487941,30
"567",11,24,2012,"CHLA",0.0364276189516027,5.15353095673866e-06,7.73036487322202e-05,0.0139146567717996,0.185374149659864,30
"568",11,24,2012,"EKE",0.0685518191482426,8.71774139374974e-06,0.00355596784168213,0.0807050092764379,0.268552875695733,30
"569",11,24,2012,"YWIND",0.116759532702625,1.17327383666026e-05,0.0405071119356834,0.207482993197279,0.386595547309833,30
"570",11,24,2012,"SLA",0.0372847800112545,5.80053090846118e-06,0.00123685837971552,0.0178571428571429,0.124922696351268,30
"571",11,25,2012,"SST",0.0309827050638747,3.35569116461973e-06,0,0,0.101345083487941,30
"572",11,25,2012,"CHLA",0.0364276189516027,5.15353095673866e-06,7.73036487322202e-05,0.0139146567717996,0.185374149659864,30
"573",11,25,2012,"EKE",0.0685518191482426,8.71774139374974e-06,0.00355596784168213,0.0807050092764379,0.268552875695733,30
"574",11,25,2012,"YWIND",0.119513255610997,1.26906024310213e-05,0.0286023500309215,0.221397649969079,0.362863327149041,30
"575",11,25,2012,"SLA",0.038019686955778,5.70383533434567e-06,0.0011595547309833,0.016852195423624,0.126700680272109,30
"576",11,26,2012,"SST",0.0309827050638747,3.35569116461973e-06,0,0,0.101345083487941,30
"577",11,26,2012,"CHLA",0.0364276189516027,5.15353095673866e-06,7.73036487322202e-05,0.0139146567717996,0.185374149659864,30
"578",11,26,2012,"EKE",0.0685518191482426,8.71774139374974e-06,0.00355596784168213,0.0807050092764379,0.268552875695733,30
"579",11,26,2012,"YWIND",0.119513255610997,1.26906024310213e-05,0.0286023500309215,0.221397649969079,0.362863327149041,30
"580",11,26,2012,"SLA",0.040266074445417,5.58903356736018e-06,0.0011595547309833,0.0159245516388374,0.139919604205318,30
"581",11,27,2012,"SST",0.0309827050638747,3.35569116461973e-06,0,0,0.101345083487941,30
"582",11,27,2012,"CHLA",0.0364276189516027,5.15353095673866e-06,7.73036487322202e-05,0.0139146567717996,0.185374149659864,30
"583",11,27,2012,"EKE",0.0685518191482426,8.71774139374974e-06,0.00355596784168213,0.0807050092764379,0.268552875695733,30
"584",11,27,2012,"YWIND",0.119513255610997,1.26906024310213e-05,0.0286023500309215,0.221397649969079,0.362863327149041,30
"585",11,27,2012,"SLA",0.0429375947284675,5.57061717537147e-06,0.00108225108225108,0.0156926406926407,0.16295609152752,30
"586",11,28,2012,"SST",0.0309827050638747,3.35569116461973e-06,0,0,0.101345083487941,30
"587",11,28,2012,"CHLA",0.0364276189516027,5.15353095673866e-06,7.73036487322202e-05,0.0139146567717996,0.185374149659864,30
"588",11,28,2012,"EKE",0.0685518191482426,8.71774139374974e-06,0.00355596784168213,0.0807050092764379,0.268552875695733,30
"589",11,28,2012,"YWIND",0.119513255610997,1.26906024310213e-05,0.0286023500309215,0.221397649969079,0.362863327149041,30
"590",11,28,2012,"SLA",0.0473337694169357,5.63161833210399e-06,0.00123685837971552,0.0160018552875696,0.201376004947434,30
"591",11,29,2012,"SST",0.0309827050638747,3.35569116461973e-06,0,0,0.101345083487941,30
"592",11,29,2012,"CHLA",0.0364276189516027,5.15353095673866e-06,7.73036487322202e-05,0.0139146567717996,0.185374149659864,30
"593",11,29,2012,"EKE",0.0685518191482426,8.71774139374974e-06,0.00355596784168213,0.0807050092764379,0.268552875695733,30
"594",11,29,2012,"YWIND",0.119513255610997,1.26906024310213e-05,0.0286023500309215,0.221397649969079,0.362863327149041,30
"595",11,29,2012,"SLA",0.0501055790316224,5.65667214502218e-06,0.00131416202844774,0.0166202844774273,0.227272727272727,30
"596",11,30,2012,"SST",0.0309827050638747,3.35569116461973e-06,0,0,0.101345083487941,30
"597",11,30,2012,"CHLA",0.0364276189516027,5.15353095673866e-06,7.73036487322202e-05,0.0139146567717996,0.185374149659864,30
"598",11,30,2012,"EKE",0.0685518191482426,8.71774139374974e-06,0.00355596784168213,0.0807050092764379,0.268552875695733,30
"599",11,30,2012,"YWIND",0.119513255610997,1.26906024310213e-05,0.0286023500309215,0.221397649969079,0.362863327149041,30
"600",11,30,2012,"SLA",0.0509297203230329,5.64850528690544e-06,0.00131416202844774,0.0163883735312307,0.236549165120594,30
"601",12,1,2012,"SST",0.0310002218538677,3.40697593956695e-06,0,0,0.103586889301175,30
"602",12,1,2012,"CHLA",0.0676445915952428,5.61261713234226e-06,0.000541125541125541,0.0307668521954236,0.329313543599258,30
"603",12,1,2012,"EKE",0.0957130681032633,1.02643164604104e-05,0.00981756338899196,0.15669449598021,0.353664192949907,30
"604",12,1,2012,"YWIND",0.12047358904314,1.1249256500582e-05,0.0119820655534941,0.249922696351268,0.382189239332096,30
"605",12,1,2012,"SLA",0.0540293995925367,5.55994041268349e-06,0.00108225108225108,0.0155380333951763,0.260049474335189,30
"606",12,2,2012,"SST",0.0323715230240856,3.30907595611367e-06,0,0,0.103277674706246,30
"607",12,2,2012,"CHLA",0.0677704544355197,5.6318571171728e-06,0.000618429189857761,0.0313852813852814,0.329468150896722,30
"608",12,2,2012,"EKE",0.0998971939568833,1.05133405968613e-05,0.0123685837971552,0.167671614100186,0.360853432282004,30
"609",12,2,2012,"YWIND",0.0977802618243854,9.81744994769136e-06,0.00371057513914657,0.170299938157081,0.35760667903525,30
"610",12,2,2012,"SLA",0.0597059810773136,5.65052531696569e-06,0.000850340136054422,0.0190166975881262,0.296614100185529,30
"611",12,3,2012,"SST",0.0319098250958927,3.0945265277729e-06,0,0,0.0916821273964131,30
"612",12,3,2012,"CHLA",0.0768871080720103,5.770709397413e-06,0.0011595547309833,0.0724335188620903,0.355287569573284,30
"613",12,3,2012,"EKE",0.100996273406291,1.05615881700302e-05,0.0125231910946197,0.171150278293135,0.36317254174397,30
"614",12,3,2012,"YWIND",0.160918420528666,1.29490364911881e-05,0.0844928880643166,0.322820037105751,0.416666666666667,30
"615",12,3,2012,"SLA",0.0627395731167676,5.7173116226244e-06,0.000850340136054422,0.0204081632653061,0.312770562770563,30
"616",12,4,2012,"SST",0.031517587722515,3.34986314689025e-06,0,0,0.0994897959183673,30
"617",12,4,2012,"CHLA",0.0685793398123605,5.77250436970193e-06,0.0011595547309833,0.04073902288188,0.333797155225727,30
"618",12,4,2012,"EKE",0.103429199811618,1.07093009005883e-05,0.0134508348794063,0.178880643166357,0.369511440940012,30
"619",12,4,2012,"YWIND",0.138641659764326,1.20776101852507e-05,0.0304576376004947,0.294140383426098,0.392470624613482,30
"620",12,4,2012,"SLA",0.0705875916193227,5.88573875344681e-06,0.000850340136054422,0.0299938157081014,0.345083487940631,30
"621",12,5,2012,"SST",0.0309179838394318,3.4113871775354e-06,0,0,0.102272727272727,30
"622",12,5,2012,"CHLA",0.0687960927733298,5.76477136790444e-06,0.0011595547309833,0.0412028447742733,0.334492888064317,30
"623",12,5,2012,"EKE",0.104619071429918,1.07479987459216e-05,0.0149196042053185,0.182591218305504,0.369897959183673,30
"624",12,5,2012,"YWIND",0.0878641152446887,9.53826295416174e-06,0.00471552257266543,0.157003710575139,0.325371057513915,30
"625",12,5,2012,"SLA",0.0729140897086295,5.9271156777593e-06,0.000927643784786642,0.0326994434137291,0.354359925788497,30
"626",12,6,2012,"SST",0.0310161429875777,3.82982825153841e-06,0,0,0.119202226345083,30
"627",12,6,2012,"CHLA",0.0612187609822519,5.99581164391509e-06,0.00139146567717996,0.0369511440940012,0.295995670995671,30
"628",12,6,2012,"EKE",0.105932357266279,1.09079998661258e-05,0.0163883735312307,0.185992578849722,0.370284477427335,30
"629",12,6,2012,"YWIND",0.119779596243708,1.10204843675592e-05,0.0095856524427953,0.242192331478046,0.382111935683364,30
"630",12,6,2012,"SLA",0.0705364904685524,5.94857921895674e-06,0.0011595547309833,0.0295299938157081,0.344465058750773,30
"631",12,7,2012,"SST",0.047518123010627,4.59028739104062e-06,0,0,0.220238095238095,30
"632",12,7,2012,"CHLA",0.072319766523043,5.86426220226495e-06,0.00162337662337662,0.0609152752009895,0.335265924551639,30
"633",12,7,2012,"EKE",0.106300601194334,1.09817177314105e-05,0.0170068027210884,0.186611008039579,0.372371675943104,30
"634",12,7,2012,"YWIND",0.137133079225428,1.25485554889384e-05,0.0442176870748299,0.262755102040816,0.406076066790353,30
"635",12,7,2012,"SLA",0.071227060527944,5.95176382540466e-06,0.000927643784786642,0.0302257266542981,0.347943722943723,30
"636",12,8,2012,"SST",0.0601006684322566,4.95720656877603e-06,0,0.00371057513914657,0.298546691403834,30
"637",12,8,2012,"CHLA",0.0721412838286251,5.88622387652402e-06,0.00162337662337662,0.0610698824984539,0.33426097711812,30
"638",12,8,2012,"EKE",0.107758810956857,1.11278441216461e-05,0.0197897340754484,0.189393939393939,0.375386518243661,30
"639",12,8,2012,"YWIND",0.131260230907009,1.45774921329651e-05,0.0830241187384045,0.233920841063698,0.368893011750155,30
"640",12,8,2012,"SLA",0.0725726036648026,5.98782693765226e-06,0.000927643784786642,0.0321583178726036,0.355364873222016,30
"641",12,9,2012,"SST",0.0503410232748518,4.2728271155975e-06,0,0.00015460729746444,0.24373840445269,30
"642",12,9,2012,"CHLA",0.0802477111561107,6.20847514526621e-06,0.00100494743351886,0.0834879406307978,0.359152752009895,30
"643",12,9,2012,"EKE",0.109053497943894,1.11823887004135e-05,0.0200989486703772,0.193568336425479,0.377628324056896,30
"644",12,9,2012,"YWIND",0.119444905183633,1.26862815833531e-05,0.0282158317872604,0.220470006184292,0.362631416202845,30
"645",12,9,2012,"SLA",0.0723119334581523,5.97746038210881e-06,0.000927643784786642,0.0312306740878169,0.354978354978355,30
"646",12,10,2012,"SST",0.0400834744328154,4.3018589432776e-06,0,0.00023191094619666,0.175247371675943,30
"647",12,10,2012,"CHLA",0.0758481622302448,6.02831255201709e-06,0.00100494743351886,0.0668676561533704,0.346397649969079,30
"648",12,10,2012,"EKE",0.113582236027842,1.14883933431628e-05,0.0246598639455782,0.206091527520099,0.383812615955473,30
"649",12,10,2012,"YWIND",0.0646277893284635,8.06058417718153e-06,0.000541125541125541,0.0865027829313544,0.265460729746444,30
"650",12,10,2012,"SLA",0.0700169208628751,5.9576021080827e-06,0.000850340136054422,0.026669758812616,0.343923933209647,30
"651",12,11,2012,"SST",0.031730625995895,3.74811264692242e-06,0,0,0.124458874458874,30
"652",12,11,2012,"CHLA",0.0758195317919466,6.0148868226015e-06,0.00100494743351886,0.0671768707482993,0.346706864564007,30
"653",12,11,2012,"EKE",0.117897290389166,1.18815515819974e-05,0.0285250463821892,0.21691403834261,0.389842300556586,30
"654",12,11,2012,"YWIND",0.148311623003948,1.25151074402014e-05,0.0652442795299938,0.299860853432282,0.415816326530612,30
"655",12,11,2012,"SLA",0.0682001479874509,5.92559049276257e-06,0.000850340136054422,0.0242733457019171,0.334183673469388,30
"656",12,12,2012,"SST",0.0286791600270568,3.15858831357069e-06,0,0,0.0908317872603587,30
"657",12,12,2012,"CHLA",0.0744630888569619,5.85257415683357e-06,0.000695732838589981,0.0640847247990105,0.342918985776129,30
"658",12,12,2012,"EKE",0.116538332678086,1.19184366593878e-05,0.0285250463821892,0.213358070500928,0.382498453927025,30
"659",12,12,2012,"YWIND",0.167185180423743,1.2055438350391e-05,0.109075448361163,0.33843537414966,0.447047000618429,30
"660",12,12,2012,"SLA",0.0665190538033289,5.90278835785021e-06,0.000850340136054422,0.0219542362399505,0.327458256029685,30
"661",12,13,2012,"SST",0.0243007632112033,2.35151747775504e-06,0,0,0.0269789734075448,30
"662",12,13,2012,"CHLA",0.0713582236728846,5.89485674375886e-06,0.000541125541125541,0.0648577612863327,0.326685219542362,30
"663",12,13,2012,"EKE",0.115118030706126,1.19310984122522e-05,0.0268243661100804,0.209570191713049,0.378092145949289,30
"664",12,13,2012,"YWIND",0.15794833855356,1.52538044354376e-05,0.115723562152134,0.291743970315399,0.406385281385281,30
"665",12,13,2012,"SLA",0.0657894907464426,5.89197385728966e-06,0.000773036487322202,0.0207946815089672,0.32452071737786,30
"666",12,14,2012,"SST",0.0212056765121902,2.2421661971051e-06,0,0,0.0203308596165739,30
"667",12,14,2012,"CHLA",0.0713582236728846,5.89485674375886e-06,0.000541125541125541,0.0648577612863327,0.326685219542362,30
"668",12,14,2012,"EKE",0.113176884385372,1.19096525839293e-05,0.0271335807050093,0.203231292517007,0.374613481756339,30
"669",12,14,2012,"YWIND",0.122198914724624,1.6700215992089e-05,0.0762213976499691,0.199211502782931,0.330859616573902,30
"670",12,14,2012,"SLA",0.060653171479342,5.73745153960419e-06,0.000773036487322202,0.0164656771799629,0.300092764378479,30
"671",12,15,2012,"SST",0.0202848658023414,2.31675118555161e-06,0,0,0.0273654916512059,30
"672",12,15,2012,"CHLA",0.068008715700404,5.87337729972843e-06,0.00023191094619666,0.0583642547928262,0.3147804576376,30
"673",12,15,2012,"EKE",0.111427619291787,1.19319828712331e-05,0.0271335807050093,0.197047000618429,0.368970315398887,30
"674",12,15,2012,"YWIND",0.164394510400229,1.61596339041392e-05,0.118815708101422,0.301793444650587,0.402056277056277,30
"675",12,15,2012,"SLA",0.0551407494819453,5.56090668721785e-06,0.000773036487322202,0.013682745825603,0.268243661100804,30
"676",12,16,2012,"SST",0.0198568057416567,2.12075483436689e-06,0,0,0.0133735312306741,30
"677",12,16,2012,"CHLA",0.0613834685085493,5.98815771013659e-06,0.00023191094619666,0.0451453308596166,0.285095856524428,30
"678",12,16,2012,"EKE",0.108986604728907,1.18928367177649e-05,0.0265151515151515,0.191017316017316,0.362631416202845,30
"679",12,16,2012,"YWIND",0.128277831507026,1.4866939789034e-05,0.0769171304885591,0.217841682127396,0.3680426716141,30
"680",12,16,2012,"SLA",0.0509716212842247,5.41040912551918e-06,0.000773036487322202,0.0122139764996908,0.243970315398887,30
"681",12,17,2012,"SST",0.011197616763145,1.40304295985721e-06,0,0,0.000850340136054422,30
"682",12,17,2012,"CHLA",0.0533660870537237,6.16280074292466e-06,0,0.0381880024737168,0.249613481756339,30
"683",12,17,2012,"EKE",0.0778837834788094,8.94178467372312e-06,0.00432900432900433,0.10691094619666,0.304808286951144,30
"684",12,17,2012,"YWIND",0.0730922042093187,1.18788774664164e-05,0.023886827458256,0.0878942486085343,0.250541125541126,30
"685",12,17,2012,"SLA",0.0473406809870341,5.26042165919323e-06,0.000850340136054422,0.0116728509585652,0.216063698206555,30
"686",12,18,2012,"SST",0.0102776240291169,1.32035321924499e-06,0,0,0.000541125541125541,30
"687",12,18,2012,"CHLA",0.062889004119586,6.64916671980543e-06,0.00146876932591218,0.0448361162646877,0.296072974644403,30
"688",12,18,2012,"EKE",0.079312296504145,9.10797741711483e-06,0.00487012987012987,0.110157699443414,0.305272108843537,30
"689",12,18,2012,"YWIND",0.119860412398068,1.06307643985086e-05,0.0130643166357452,0.209879406307978,0.425324675324675,30
"690",12,18,2012,"SLA",0.041199492802695,5.04996364654426e-06,0.000850340136054422,0.0102040816326531,0.164424860853432,30
"691",12,19,2012,"SST",0.0114242589620599,1.41084068325343e-06,0,0,7.73036487322202e-05,30
"692",12,19,2012,"CHLA",0.0676924372786787,7.50614987286015e-06,0.00247371675943105,0.0633889919604205,0.302334570191713,30
"693",12,19,2012,"EKE",0.0800327929031063,9.24742899544453e-06,0.00525664811379097,0.112167594310451,0.306199752628324,30
"694",12,19,2012,"YWIND",0.0683818119729651,6.98219114777108e-06,0,0.0708101422387137,0.295841063698207,30
"695",12,19,2012,"SLA",0.0370947694479981,5.06940899853907e-06,0.0011595547309833,0.0105905998763142,0.128633271490414,30
"696",12,20,2012,"SST",0.0133453924140984,1.59806528703754e-06,0,0,0.0023191094619666,30
"697",12,20,2012,"CHLA",0.0680044429889836,7.57399221009028e-06,0.00247371675943105,0.0665584415584416,0.301329622758194,30
"698",12,20,2012,"EKE",0.0805019656376306,9.34151094118038e-06,0.00626159554730983,0.114022881880025,0.307668521954236,30
"699",12,20,2012,"YWIND",0.0442968122420078,5.90402780221554e-06,0,0.0229591836734694,0.163497217068646,30
"700",12,20,2012,"SLA",0.0358625710914582,5.07057638304286e-06,0.0011595547309833,0.0107452071737786,0.120516388373531,30
"701",12,21,2012,"SST",0.0172675247826614,1.69363914347794e-06,0,0,0.00177798392084106,30
"702",12,21,2012,"CHLA",0.0704541651766405,7.55130507624767e-06,0.00239641311069883,0.070578231292517,0.309833024118738,30
"703",12,21,2012,"EKE",0.0815112335098909,9.47769199954102e-06,0.00610698824984539,0.118661100803958,0.310451453308596,30
"704",12,21,2012,"YWIND",0.0668656405799473,7.08859681397461e-06,7.73036487322202e-05,0.0588280766852195,0.298546691403834,30
"705",12,21,2012,"SLA",0.0351624916269146,5.15183113108129e-06,0.00100494743351886,0.0112863327149041,0.115182436611008,30
"706",12,22,2012,"SST",0.0198548270838537,1.95615241846346e-06,0,0,0.0109771181199753,30
"707",12,22,2012,"CHLA",0.0704541651766405,7.55130507624767e-06,0.00239641311069883,0.070578231292517,0.309833024118738,30
"708",12,22,2012,"EKE",0.0819196875984635,9.5971289575779e-06,0.00618429189857761,0.12012987012987,0.309214594928881,30
"709",12,22,2012,"YWIND",0.157292477867022,1.53249662656758e-05,0.103586889301175,0.298160173160173,0.409709338280767,30
"710",12,22,2012,"SLA",0.0344261255894179,5.04670733899323e-06,0.000773036487322202,0.0104359925788497,0.112012987012987,30
"711",12,23,2012,"SST",0.0202483572538143,2.11837279035346e-06,0,0,0.0125231910946197,30
"712",12,23,2012,"CHLA",0.0703250370555076,7.44835795553126e-06,0.0019325912183055,0.0685683364254793,0.310296846011132,30
"713",12,23,2012,"EKE",0.0822532625657038,9.6922143335833e-06,0.00602968460111317,0.121366728509586,0.308905380333952,30
"714",12,23,2012,"YWIND",0.121133889514326,1.43512895947531e-05,0.0580550401978973,0.21204390847248,0.357761286332715,30
"715",12,23,2012,"SLA",0.0345277630199006,5.08830297328246e-06,0.000695732838589981,0.00989486703772418,0.112863327149041,30
"716",12,24,2012,"SST",0.0179211815153947,2.01131844855793e-06,0,0,0.00888991960420532,30
"717",12,24,2012,"CHLA",0.0270199134020395,5.90095381737565e-06,0.000309214594928881,0.0132189239332096,0.110157699443414,30
"718",12,24,2012,"EKE",0.0826777676059567,9.78474398723995e-06,0.00711193568336425,0.122526283240569,0.309833024118738,30
"719",12,24,2012,"YWIND",0.124573161968039,1.53362309402794e-05,0.0562770562770563,0.227659245516388,0.346011131725417,30
"720",12,24,2012,"SLA",0.0366066209170748,5.23563423001434e-06,0.000618429189857761,0.0112090290661719,0.126314162028448,30
"721",12,25,2012,"SST",0.0170034925578612,1.91671806210096e-06,0,0,0.00548855905998763,30
"722",12,25,2012,"CHLA",0.0240826802621213,5.14827072154227e-06,0.00015460729746444,0.00780766852195424,0.0878169449598021,30
"723",12,25,2012,"EKE",0.0831017575653019,9.87536044717937e-06,0.00711193568336425,0.122990105132962,0.309755720470006,30
"724",12,25,2012,"YWIND",0.114955674445581,1.30140682084265e-05,0.0399659863945578,0.210961657390229,0.35899814471243,30
"725",12,25,2012,"SLA",0.03842390879082,5.2799275209379e-06,0.000309214594928881,0.0114409400123686,0.139919604205318,30
"726",12,26,2012,"SST",0.0177511425998606,1.96749994362472e-06,0,0,0.00649350649350649,30
"727",12,26,2012,"CHLA",0.0232190527986976,5.45835827319059e-06,0.00015460729746444,0.00888991960420532,0.0892857142857143,30
"728",12,26,2012,"EKE",0.0838785816458137,9.91332850413795e-06,0.00811688311688312,0.123376623376623,0.311765615337044,30
"729",12,26,2012,"YWIND",0.102334560366888,1.14168057496848e-05,0.0139146567717996,0.173469387755102,0.352891156462585,30
"730",12,26,2012,"SLA",0.0432345354549144,5.44027216014184e-06,0.000386518243661101,0.0146103896103896,0.172928262213977,30
"731",12,27,2012,"SST",0.0201319039964068,2.15622777442176e-06,0,0,0.0141465677179963,30
"732",12,27,2012,"CHLA",0.0235247675775147,5.71632090709359e-06,0.00015460729746444,0.00865800865800866,0.0921459492888064,30
"733",12,27,2012,"EKE",0.0844461158636925,9.96621490172294e-06,0.00834879406307978,0.125927643784787,0.313388991960421,30
"734",12,27,2012,"YWIND",0.067031298585335,8.52398404828552e-06,0.00309214594928881,0.0837971552257267,0.262445887445887,30
"735",12,27,2012,"SLA",0.0486250097066047,5.60728592281404e-06,0.000618429189857761,0.0177025355596784,0.208101422387137,30
